disease_id,test_id,variable,cycle,data_file,weight_variable,weight_multiplier,local_xpt
NHANES_CORONARY_HEART_DISEASE,NHANES_LBXPFDE,LBXPFDE,2003-2004,L24PFC_C.xpt,WTSA2YR,1.0,C:\Users\21634\Documents\Codex\2026-08-22\non\work\whynot17\work\nhanes_phase2a\environmental_xpt\2003-2004_L24PFC_C.xpt
NHANES_CORONARY_HEART_DISEASE,NHANES_LBXPFDE,LBXPFDE,2005-2006,PFC_D.xpt,WTSA2YR,1.0,C:\Users\21634\Documents\Codex\2026-08-22\non\work\whynot17\work\nhanes_phase2a\environmental_xpt\2005-2006_PFC_D.xpt
NHANES_CORONARY_HEART_DISEASE,NHANES_LBXPFDE,LBXPFDE,2007-2008,PFC_E.xpt,WTSC2YR,1.0,C:\Users\21634\Documents\Codex\2026-08-22\non\work\whynot17\work\nhanes_phase2a\environmental_xpt\2007-2008_PFC_E.xpt
NHANES_CORONARY_HEART_DISEASE,NHANES_LBXPFDE,LBXPFDE,2009-2010,PFC_F.xpt,WTSC2YR,1.0,C:\Users\21634\Documents\Codex\2026-08-22\non\work\whynot17\work\nhanes_phase2a\environmental_xpt\2009-2010_PFC_F.xpt
NHANES_CORONARY_HEART_DISEASE,NHANES_LBXPFDE,LBXPFDE,2011-2012,PFC_G.xpt,WTSA2YR,1.0,C:\Users\21634\Documents\Codex\2026-08-22\non\work\whynot17\work\nhanes_phase2a\environmental_xpt\2011-2012_PFC_G.xpt
NHANES_CORONARY_HEART_DISEASE,NHANES_LBXPFDE,LBXPFDE,2013-2014,PFAS_H.xpt,WTSB2YR,1.0,C:\Users\21634\Documents\Codex\2026-08-22\non\work\whynot17\work\nhanes_phase2a\environmental_xpt\2013-2014_PFAS_H.xpt
NHANES_CORONARY_HEART_DISEASE,NHANES_LBXPFDE,LBXPFDE,2015-2016,PFAS_I.xpt,WTSB2YR,1.0,C:\Users\21634\Documents\Codex\2026-08-22\non\work\whynot17\work\nhanes_phase2a\environmental_xpt\2015-2016_PFAS_I.xpt
NHANES_CORONARY_HEART_DISEASE,NHANES_LBXPFDE,LBXPFDE,2017-2018,PFAS_J.xpt,WTSB2YR,1.0,C:\Users\21634\Documents\Codex\2026-08-22\non\work\whynot17\work\nhanes_phase2a\environmental_xpt\2017-2018_PFAS_J.xpt
NHANES_CORONARY_HEART_DISEASE,NHANES_LBXPFHS,LBXPFHS,2003-2004,L24PFC_C.xpt,WTSA2YR,1.0,C:\Users\21634\Documents\Codex\2026-08-22\non\work\whynot17\work\nhanes_phase2a\environmental_xpt\2003-2004_L24PFC_C.xpt
NHANES_CORONARY_HEART_DISEASE,NHANES_LBXPFHS,LBXPFHS,2005-2006,PFC_D.xpt,WTSA2YR,1.0,C:\Users\21634\Documents\Codex\2026-08-22\non\work\whynot17\work\nhanes_phase2a\environmental_xpt\2005-2006_PFC_D.xpt
NHANES_CORONARY_HEART_DISEASE,NHANES_LBXPFHS,LBXPFHS,2007-2008,PFC_E.xpt,WTSC2YR,1.0,C:\Users\21634\Documents\Codex\2026-08-22\non\work\whynot17\work\nhanes_phase2a\environmental_xpt\2007-2008_PFC_E.xpt
NHANES_CORONARY_HEART_DISEASE,NHANES_LBXPFHS,LBXPFHS,2009-2010,PFC_F.xpt,WTSC2YR,1.0,C:\Users\21634\Documents\Codex\2026-08-22\non\work\whynot17\work\nhanes_phase2a\environmental_xpt\2009-2010_PFC_F.xpt
NHANES_CORONARY_HEART_DISEASE,NHANES_LBXPFHS,LBXPFHS,2011-2012,PFC_G.xpt,WTSA2YR,1.0,C:\Users\21634\Documents\Codex\2026-08-22\non\work\whynot17\work\nhanes_phase2a\environmental_xpt\2011-2012_PFC_G.xpt
NHANES_CORONARY_HEART_DISEASE,NHANES_LBXPFHS,LBXPFHS,2013-2014,PFAS_H.xpt,WTSB2YR,1.0,C:\Users\21634\Documents\Codex\2026-08-22\non\work\whynot17\work\nhanes_phase2a\environmental_xpt\2013-2014_PFAS_H.xpt
NHANES_CORONARY_HEART_DISEASE,NHANES_LBXPFHS,LBXPFHS,2015-2016,PFAS_I.xpt,WTSB2YR,1.0,C:\Users\21634\Documents\Codex\2026-08-22\non\work\whynot17\work\nhanes_phase2a\environmental_xpt\2015-2016_PFAS_I.xpt
NHANES_CORONARY_HEART_DISEASE,NHANES_LBXPFHS,LBXPFHS,2017-2018,PFAS_J.xpt,WTSB2YR,1.0,C:\Users\21634\Documents\Codex\2026-08-22\non\work\whynot17\work\nhanes_phase2a\environmental_xpt\2017-2018_PFAS_J.xpt
NHANES_CORONARY_HEART_DISEASE,NHANES_LBXPFNA,LBXPFNA,2003-2004,L24PFC_C.xpt,WTSA2YR,1.0,C:\Users\21634\Documents\Codex\2026-08-22\non\work\whynot17\work\nhanes_phase2a\environmental_xpt\2003-2004_L24PFC_C.xpt
NHANES_CORONARY_HEART_DISEASE,NHANES_LBXPFNA,LBXPFNA,2005-2006,PFC_D.xpt,WTSA2YR,1.0,C:\Users\21634\Documents\Codex\2026-08-22\non\work\whynot17\work\nhanes_phase2a\environmental_xpt\2005-2006_PFC_D.xpt
NHANES_CORONARY_HEART_DISEASE,NHANES_LBXPFNA,LBXPFNA,2007-2008,PFC_E.xpt,WTSC2YR,1.0,C:\Users\21634\Documents\Codex\2026-08-22\non\work\whynot17\work\nhanes_phase2a\environmental_xpt\2007-2008_PFC_E.xpt
NHANES_CORONARY_HEART_DISEASE,NHANES_LBXPFNA,LBXPFNA,2009-2010,PFC_F.xpt,WTSC2YR,1.0,C:\Users\21634\Documents\Codex\2026-08-22\non\work\whynot17\work\nhanes_phase2a\environmental_xpt\2009-2010_PFC_F.xpt
NHANES_CORONARY_HEART_DISEASE,NHANES_LBXPFNA,LBXPFNA,2011-2012,PFC_G.xpt,WTSA2YR,1.0,C:\Users\21634\Documents\Codex\2026-08-22\non\work\whynot17\work\nhanes_phase2a\environmental_xpt\2011-2012_PFC_G.xpt
NHANES_CORONARY_HEART_DISEASE,NHANES_LBXPFNA,LBXPFNA,2013-2014,PFAS_H.xpt,WTSB2YR,1.0,C:\Users\21634\Documents\Codex\2026-08-22\non\work\whynot17\work\nhanes_phase2a\environmental_xpt\2013-2014_PFAS_H.xpt
NHANES_CORONARY_HEART_DISEASE,NHANES_LBXPFNA,LBXPFNA,2015-2016,PFAS_I.xpt,WTSB2YR,1.0,C:\Users\21634\Documents\Codex\2026-08-22\non\work\whynot17\work\nhanes_phase2a\environmental_xpt\2015-2016_PFAS_I.xpt
NHANES_CORONARY_HEART_DISEASE,NHANES_LBXPFNA,LBXPFNA,2017-2018,PFAS_J.xpt,WTSB2YR,1.0,C:\Users\21634\Documents\Codex\2026-08-22\non\work\whynot17\work\nhanes_phase2a\environmental_xpt\2017-2018_PFAS_J.xpt
NHANES_CORONARY_HEART_DISEASE,NHANES_URXBPH,URXBPH,2003-2004,L24EPH_C.xpt,WTSC2YR,1.0,C:\Users\21634\Documents\Codex\2026-08-22\non\work\whynot17\work\nhanes_phase2a\environmental_xpt\2003-2004_L24EPH_C.xpt
NHANES_CORONARY_HEART_DISEASE,NHANES_URXBPH,URXBPH,2005-2006,EPH_D.xpt,WTSB2YR,1.0,C:\Users\21634\Documents\Codex\2026-08-22\non\work\whynot17\work\nhanes_phase2a\environmental_xpt\2005-2006_EPH_D.xpt
NHANES_CORONARY_HEART_DISEASE,NHANES_URXBPH,URXBPH,2007-2008,EPH_E.xpt,WTSB2YR,1.0,C:\Users\21634\Documents\Codex\2026-08-22\non\work\whynot17\work\nhanes_phase2a\environmental_xpt\2007-2008_EPH_E.xpt
NHANES_CORONARY_HEART_DISEASE,NHANES_URXBPH,URXBPH,2009-2010,EPH_F.xpt,WTSB2YR,1.0,C:\Users\21634\Documents\Codex\2026-08-22\non\work\whynot17\work\nhanes_phase2a\environmental_xpt\2009-2010_EPH_F.xpt
NHANES_CORONARY_HEART_DISEASE,NHANES_URXBPH,URXBPH,2011-2012,EPH_G.xpt,WTSA2YR,1.0,C:\Users\21634\Documents\Codex\2026-08-22\non\work\whynot17\work\nhanes_phase2a\environmental_xpt\2011-2012_EPH_G.xpt
NHANES_CORONARY_HEART_DISEASE,NHANES_URXCOP,URXCOP,2005-2006,PHTHTE_D.xpt,WTSB2YR,1.0,C:\Users\21634\Documents\Codex\2026-08-22\non\work\whynot17\work\nhanes_phase2a\environmental_xpt\2005-2006_PHTHTE_D.xpt
NHANES_CORONARY_HEART_DISEASE,NHANES_URXCOP,URXCOP,2007-2008,PHTHTE_E.xpt,WTSB2YR,1.0,C:\Users\21634\Documents\Codex\2026-08-22\non\work\whynot17\work\nhanes_phase2a\environmental_xpt\2007-2008_PHTHTE_E.xpt
NHANES_CORONARY_HEART_DISEASE,NHANES_URXCOP,URXCOP,2009-2010,PHTHTE_F.xpt,WTSB2YR,1.0,C:\Users\21634\Documents\Codex\2026-08-22\non\work\whynot17\work\nhanes_phase2a\environmental_xpt\2009-2010_PHTHTE_F.xpt
NHANES_CORONARY_HEART_DISEASE,NHANES_URXCOP,URXCOP,2011-2012,PHTHTE_G.xpt,WTSA2YR,1.0,C:\Users\21634\Documents\Codex\2026-08-22\non\work\whynot17\work\nhanes_phase2a\environmental_xpt\2011-2012_PHTHTE_G.xpt
NHANES_CORONARY_HEART_DISEASE,NHANES_URXCOP,URXCOP,2013-2014,PHTHTE_H.xpt,WTSB2YR,1.0,C:\Users\21634\Documents\Codex\2026-08-22\non\work\whynot17\work\nhanes_phase2a\environmental_xpt\2013-2014_PHTHTE_H.xpt
NHANES_CORONARY_HEART_DISEASE,NHANES_URXCOP,URXCOP,2015-2016,PHTHTE_I.xpt,WTSB2YR,1.0,C:\Users\21634\Documents\Codex\2026-08-22\non\work\whynot17\work\nhanes_phase2a\environmental_xpt\2015-2016_PHTHTE_I.xpt
NHANES_CORONARY_HEART_DISEASE,NHANES_URXCOP,URXCOP,2017-2018,PHTHTE_J.xpt,WTSB2YR,1.0,C:\Users\21634\Documents\Codex\2026-08-22\non\work\whynot17\work\nhanes_phase2a\environmental_xpt\2017-2018_PHTHTE_J.xpt
NHANES_CORONARY_HEART_DISEASE,NHANES_URXECP,URXECP,2003-2004,L24PH_C.xpt,WTSB2YR,1.0,C:\Users\21634\Documents\Codex\2026-08-22\non\work\whynot17\work\nhanes_phase2a\environmental_xpt\2003-2004_L24PH_C.xpt
NHANES_CORONARY_HEART_DISEASE,NHANES_URXECP,URXECP,2005-2006,PHTHTE_D.xpt,WTSB2YR,1.0,C:\Users\21634\Documents\Codex\2026-08-22\non\work\whynot17\work\nhanes_phase2a\environmental_xpt\2005-2006_PHTHTE_D.xpt
NHANES_CORONARY_HEART_DISEASE,NHANES_URXECP,URXECP,2007-2008,PHTHTE_E.xpt,WTSB2YR,1.0,C:\Users\21634\Documents\Codex\2026-08-22\non\work\whynot17\work\nhanes_phase2a\environmental_xpt\2007-2008_PHTHTE_E.xpt
NHANES_CORONARY_HEART_DISEASE,NHANES_URXECP,URXECP,2009-2010,PHTHTE_F.xpt,WTSB2YR,1.0,C:\Users\21634\Documents\Codex\2026-08-22\non\work\whynot17\work\nhanes_phase2a\environmental_xpt\2009-2010_PHTHTE_F.xpt
NHANES_CORONARY_HEART_DISEASE,NHANES_URXECP,URXECP,2011-2012,PHTHTE_G.xpt,WTSA2YR,1.0,C:\Users\21634\Documents\Codex\2026-08-22\non\work\whynot17\work\nhanes_phase2a\environmental_xpt\2011-2012_PHTHTE_G.xpt
NHANES_CORONARY_HEART_DISEASE,NHANES_URXECP,URXECP,2013-2014,PHTHTE_H.xpt,WTSB2YR,1.0,C:\Users\21634\Documents\Codex\2026-08-22\non\work\whynot17\work\nhanes_phase2a\environmental_xpt\2013-2014_PHTHTE_H.xpt
NHANES_CORONARY_HEART_DISEASE,NHANES_URXECP,URXECP,2015-2016,PHTHTE_I.xpt,WTSB2YR,1.0,C:\Users\21634\Documents\Codex\2026-08-22\non\work\whynot17\work\nhanes_phase2a\environmental_xpt\2015-2016_PHTHTE_I.xpt
NHANES_CORONARY_HEART_DISEASE,NHANES_URXECP,URXECP,2017-2018,PHTHTE_J.xpt,WTSB2YR,1.0,C:\Users\21634\Documents\Codex\2026-08-22\non\work\whynot17\work\nhanes_phase2a\environmental_xpt\2017-2018_PHTHTE_J.xpt
NHANES_CORONARY_HEART_DISEASE,NHANES_URXMBP,URXMBP,1999-2000,PHPYPA.xpt,WTSPH4YR,2.0,C:\Users\21634\Documents\Codex\2026-08-22\non\work\whynot17\work\nhanes_phase2a\environmental_xpt\1999-2000_PHPYPA.xpt
NHANES_CORONARY_HEART_DISEASE,NHANES_URXMBP,URXMBP,2001-2002,PHPYPA_B.xpt,WTSPH2YR,1.0,C:\Users\21634\Documents\Codex\2026-08-22\non\work\whynot17\work\nhanes_phase2a\environmental_xpt\2001-2002_PHPYPA_B.xpt
NHANES_CORONARY_HEART_DISEASE,NHANES_URXMBP,URXMBP,2003-2004,L24PH_C.xpt,WTSB2YR,1.0,C:\Users\21634\Documents\Codex\2026-08-22\non\work\whynot17\work\nhanes_phase2a\environmental_xpt\2003-2004_L24PH_C.xpt
NHANES_CORONARY_HEART_DISEASE,NHANES_URXMBP,URXMBP,2005-2006,PHTHTE_D.xpt,WTSB2YR,1.0,C:\Users\21634\Documents\Codex\2026-08-22\non\work\whynot17\work\nhanes_phase2a\environmental_xpt\2005-2006_PHTHTE_D.xpt
NHANES_CORONARY_HEART_DISEASE,NHANES_URXMBP,URXMBP,2007-2008,PHTHTE_E.xpt,WTSB2YR,1.0,C:\Users\21634\Documents\Codex\2026-08-22\non\work\whynot17\work\nhanes_phase2a\environmental_xpt\2007-2008_PHTHTE_E.xpt
NHANES_CORONARY_HEART_DISEASE,NHANES_URXMBP,URXMBP,2009-2010,PHTHTE_F.xpt,WTSB2YR,1.0,C:\Users\21634\Documents\Codex\2026-08-22\non\work\whynot17\work\nhanes_phase2a\environmental_xpt\2009-2010_PHTHTE_F.xpt
NHANES_CORONARY_HEART_DISEASE,NHANES_URXMBP,URXMBP,2011-2012,PHTHTE_G.xpt,WTSA2YR,1.0,C:\Users\21634\Documents\Codex\2026-08-22\non\work\whynot17\work\nhanes_phase2a\environmental_xpt\2011-2012_PHTHTE_G.xpt
NHANES_CORONARY_HEART_DISEASE,NHANES_URXMBP,URXMBP,2013-2014,PHTHTE_H.xpt,WTSB2YR,1.0,C:\Users\21634\Documents\Codex\2026-08-22\non\work\whynot17\work\nhanes_phase2a\environmental_xpt\2013-2014_PHTHTE_H.xpt
NHANES_CORONARY_HEART_DISEASE,NHANES_URXMBP,URXMBP,2015-2016,PHTHTE_I.xpt,WTSB2YR,1.0,C:\Users\21634\Documents\Codex\2026-08-22\non\work\whynot17\work\nhanes_phase2a\environmental_xpt\2015-2016_PHTHTE_I.xpt
NHANES_CORONARY_HEART_DISEASE,NHANES_URXMBP,URXMBP,2017-2018,PHTHTE_J.xpt,WTSB2YR,1.0,C:\Users\21634\Documents\Codex\2026-08-22\non\work\whynot17\work\nhanes_phase2a\environmental_xpt\2017-2018_PHTHTE_J.xpt
NHANES_CORONARY_HEART_DISEASE,NHANES_URXMEP,URXMEP,1999-2000,PHPYPA.xpt,WTSPH4YR,2.0,C:\Users\21634\Documents\Codex\2026-08-22\non\work\whynot17\work\nhanes_phase2a\environmental_xpt\1999-2000_PHPYPA.xpt
NHANES_CORONARY_HEART_DISEASE,NHANES_URXMEP,URXMEP,2001-2002,PHPYPA_B.xpt,WTSPH2YR,1.0,C:\Users\21634\Documents\Codex\2026-08-22\non\work\whynot17\work\nhanes_phase2a\environmental_xpt\2001-2002_PHPYPA_B.xpt
NHANES_CORONARY_HEART_DISEASE,NHANES_URXMEP,URXMEP,2003-2004,L24PH_C.xpt,WTSB2YR,1.0,C:\Users\21634\Documents\Codex\2026-08-22\non\work\whynot17\work\nhanes_phase2a\environmental_xpt\2003-2004_L24PH_C.xpt
NHANES_CORONARY_HEART_DISEASE,NHANES_URXMEP,URXMEP,2005-2006,PHTHTE_D.xpt,WTSB2YR,1.0,C:\Users\21634\Documents\Codex\2026-08-22\non\work\whynot17\work\nhanes_phase2a\environmental_xpt\2005-2006_PHTHTE_D.xpt
NHANES_CORONARY_HEART_DISEASE,NHANES_URXMEP,URXMEP,2007-2008,PHTHTE_E.xpt,WTSB2YR,1.0,C:\Users\21634\Documents\Codex\2026-08-22\non\work\whynot17\work\nhanes_phase2a\environmental_xpt\2007-2008_PHTHTE_E.xpt
NHANES_CORONARY_HEART_DISEASE,NHANES_URXMEP,URXMEP,2009-2010,PHTHTE_F.xpt,WTSB2YR,1.0,C:\Users\21634\Documents\Codex\2026-08-22\non\work\whynot17\work\nhanes_phase2a\environmental_xpt\2009-2010_PHTHTE_F.xpt
NHANES_CORONARY_HEART_DISEASE,NHANES_URXMEP,URXMEP,2011-2012,PHTHTE_G.xpt,WTSA2YR,1.0,C:\Users\21634\Documents\Codex\2026-08-22\non\work\whynot17\work\nhanes_phase2a\environmental_xpt\2011-2012_PHTHTE_G.xpt
NHANES_CORONARY_HEART_DISEASE,NHANES_URXMEP,URXMEP,2013-2014,PHTHTE_H.xpt,WTSB2YR,1.0,C:\Users\21634\Documents\Codex\2026-08-22\non\work\whynot17\work\nhanes_phase2a\environmental_xpt\2013-2014_PHTHTE_H.xpt
NHANES_CORONARY_HEART_DISEASE,NHANES_URXMEP,URXMEP,2015-2016,PHTHTE_I.xpt,WTSB2YR,1.0,C:\Users\21634\Documents\Codex\2026-08-22\non\work\whynot17\work\nhanes_phase2a\environmental_xpt\2015-2016_PHTHTE_I.xpt
NHANES_CORONARY_HEART_DISEASE,NHANES_URXMEP,URXMEP,2017-2018,PHTHTE_J.xpt,WTSB2YR,1.0,C:\Users\21634\Documents\Codex\2026-08-22\non\work\whynot17\work\nhanes_phase2a\environmental_xpt\2017-2018_PHTHTE_J.xpt
NHANES_CORONARY_HEART_DISEASE,NHANES_URXMHH,URXMHH,2001-2002,PHPYPA_B.xpt,WTSPH2YR,1.0,C:\Users\21634\Documents\Codex\2026-08-22\non\work\whynot17\work\nhanes_phase2a\environmental_xpt\2001-2002_PHPYPA_B.xpt
NHANES_CORONARY_HEART_DISEASE,NHANES_URXMHH,URXMHH,2003-2004,L24PH_C.xpt,WTSB2YR,1.0,C:\Users\21634\Documents\Codex\2026-08-22\non\work\whynot17\work\nhanes_phase2a\environmental_xpt\2003-2004_L24PH_C.xpt
NHANES_CORONARY_HEART_DISEASE,NHANES_URXMHH,URXMHH,2005-2006,PHTHTE_D.xpt,WTSB2YR,1.0,C:\Users\21634\Documents\Codex\2026-08-22\non\work\whynot17\work\nhanes_phase2a\environmental_xpt\2005-2006_PHTHTE_D.xpt
NHANES_CORONARY_HEART_DISEASE,NHANES_URXMHH,URXMHH,2007-2008,PHTHTE_E.xpt,WTSB2YR,1.0,C:\Users\21634\Documents\Codex\2026-08-22\non\work\whynot17\work\nhanes_phase2a\environmental_xpt\2007-2008_PHTHTE_E.xpt
NHANES_CORONARY_HEART_DISEASE,NHANES_URXMHH,URXMHH,2009-2010,PHTHTE_F.xpt,WTSB2YR,1.0,C:\Users\21634\Documents\Codex\2026-08-22\non\work\whynot17\work\nhanes_phase2a\environmental_xpt\2009-2010_PHTHTE_F.xpt
NHANES_CORONARY_HEART_DISEASE,NHANES_URXMHH,URXMHH,2011-2012,PHTHTE_G.xpt,WTSA2YR,1.0,C:\Users\21634\Documents\Codex\2026-08-22\non\work\whynot17\work\nhanes_phase2a\environmental_xpt\2011-2012_PHTHTE_G.xpt
NHANES_CORONARY_HEART_DISEASE,NHANES_URXMHH,URXMHH,2013-2014,PHTHTE_H.xpt,WTSB2YR,1.0,C:\Users\21634\Documents\Codex\2026-08-22\non\work\whynot17\work\nhanes_phase2a\environmental_xpt\2013-2014_PHTHTE_H.xpt
NHANES_CORONARY_HEART_DISEASE,NHANES_URXMHH,URXMHH,2015-2016,PHTHTE_I.xpt,WTSB2YR,1.0,C:\Users\21634\Documents\Codex\2026-08-22\non\work\whynot17\work\nhanes_phase2a\environmental_xpt\2015-2016_PHTHTE_I.xpt
NHANES_CORONARY_HEART_DISEASE,NHANES_URXMHH,URXMHH,2017-2018,PHTHTE_J.xpt,WTSB2YR,1.0,C:\Users\21634\Documents\Codex\2026-08-22\non\work\whynot17\work\nhanes_phase2a\environmental_xpt\2017-2018_PHTHTE_J.xpt
NHANES_CORONARY_HEART_DISEASE,NHANES_URXMHP,URXMHP,1999-2000,PHPYPA.xpt,WTSPH4YR,2.0,C:\Users\21634\Documents\Codex\2026-08-22\non\work\whynot17\work\nhanes_phase2a\environmental_xpt\1999-2000_PHPYPA.xpt
NHANES_CORONARY_HEART_DISEASE,NHANES_URXMHP,URXMHP,2001-2002,PHPYPA_B.xpt,WTSPH2YR,1.0,C:\Users\21634\Documents\Codex\2026-08-22\non\work\whynot17\work\nhanes_phase2a\environmental_xpt\2001-2002_PHPYPA_B.xpt
NHANES_CORONARY_HEART_DISEASE,NHANES_URXMHP,URXMHP,2003-2004,L24PH_C.xpt,WTSB2YR,1.0,C:\Users\21634\Documents\Codex\2026-08-22\non\work\whynot17\work\nhanes_phase2a\environmental_xpt\2003-2004_L24PH_C.xpt
NHANES_CORONARY_HEART_DISEASE,NHANES_URXMHP,URXMHP,2005-2006,PHTHTE_D.xpt,WTSB2YR,1.0,C:\Users\21634\Documents\Codex\2026-08-22\non\work\whynot17\work\nhanes_phase2a\environmental_xpt\2005-2006_PHTHTE_D.xpt
NHANES_CORONARY_HEART_DISEASE,NHANES_URXMHP,URXMHP,2007-2008,PHTHTE_E.xpt,WTSB2YR,1.0,C:\Users\21634\Documents\Codex\2026-08-22\non\work\whynot17\work\nhanes_phase2a\environmental_xpt\2007-2008_PHTHTE_E.xpt
NHANES_CORONARY_HEART_DISEASE,NHANES_URXMHP,URXMHP,2009-2010,PHTHTE_F.xpt,WTSB2YR,1.0,C:\Users\21634\Documents\Codex\2026-08-22\non\work\whynot17\work\nhanes_phase2a\environmental_xpt\2009-2010_PHTHTE_F.xpt
NHANES_CORONARY_HEART_DISEASE,NHANES_URXMHP,URXMHP,2011-2012,PHTHTE_G.xpt,WTSA2YR,1.0,C:\Users\21634\Documents\Codex\2026-08-22\non\work\whynot17\work\nhanes_phase2a\environmental_xpt\2011-2012_PHTHTE_G.xpt
NHANES_CORONARY_HEART_DISEASE,NHANES_URXMHP,URXMHP,2013-2014,PHTHTE_H.xpt,WTSB2YR,1.0,C:\Users\21634\Documents\Codex\2026-08-22\non\work\whynot17\work\nhanes_phase2a\environmental_xpt\2013-2014_PHTHTE_H.xpt
NHANES_CORONARY_HEART_DISEASE,NHANES_URXMHP,URXMHP,2015-2016,PHTHTE_I.xpt,WTSB2YR,1.0,C:\Users\21634\Documents\Codex\2026-08-22\non\work\whynot17\work\nhanes_phase2a\environmental_xpt\2015-2016_PHTHTE_I.xpt
NHANES_CORONARY_HEART_DISEASE,NHANES_URXMHP,URXMHP,2017-2018,PHTHTE_J.xpt,WTSB2YR,1.0,C:\Users\21634\Documents\Codex\2026-08-22\non\work\whynot17\work\nhanes_phase2a\environmental_xpt\2017-2018_PHTHTE_J.xpt
NHANES_CORONARY_HEART_DISEASE,NHANES_URXMIB,URXMIB,2001-2002,PHPYPA_B.xpt,WTSPH2YR,1.0,C:\Users\21634\Documents\Codex\2026-08-22\non\work\whynot17\work\nhanes_phase2a\environmental_xpt\2001-2002_PHPYPA_B.xpt
NHANES_CORONARY_HEART_DISEASE,NHANES_URXMIB,URXMIB,2003-2004,L24PH_C.xpt,WTSB2YR,1.0,C:\Users\21634\Documents\Codex\2026-08-22\non\work\whynot17\work\nhanes_phase2a\environmental_xpt\2003-2004_L24PH_C.xpt
NHANES_CORONARY_HEART_DISEASE,NHANES_URXMIB,URXMIB,2005-2006,PHTHTE_D.xpt,WTSB2YR,1.0,C:\Users\21634\Documents\Codex\2026-08-22\non\work\whynot17\work\nhanes_phase2a\environmental_xpt\2005-2006_PHTHTE_D.xpt
NHANES_CORONARY_HEART_DISEASE,NHANES_URXMIB,URXMIB,2007-2008,PHTHTE_E.xpt,WTSB2YR,1.0,C:\Users\21634\Documents\Codex\2026-08-22\non\work\whynot17\work\nhanes_phase2a\environmental_xpt\2007-2008_PHTHTE_E.xpt
NHANES_CORONARY_HEART_DISEASE,NHANES_URXMIB,URXMIB,2009-2010,PHTHTE_F.xpt,WTSB2YR,1.0,C:\Users\21634\Documents\Codex\2026-08-22\non\work\whynot17\work\nhanes_phase2a\environmental_xpt\2009-2010_PHTHTE_F.xpt
NHANES_CORONARY_HEART_DISEASE,NHANES_URXMIB,URXMIB,2011-2012,PHTHTE_G.xpt,WTSA2YR,1.0,C:\Users\21634\Documents\Codex\2026-08-22\non\work\whynot17\work\nhanes_phase2a\environmental_xpt\2011-2012_PHTHTE_G.xpt
NHANES_CORONARY_HEART_DISEASE,NHANES_URXMIB,URXMIB,2013-2014,PHTHTE_H.xpt,WTSB2YR,1.0,C:\Users\21634\Documents\Codex\2026-08-22\non\work\whynot17\work\nhanes_phase2a\environmental_xpt\2013-2014_PHTHTE_H.xpt
NHANES_CORONARY_HEART_DISEASE,NHANES_URXMIB,URXMIB,2015-2016,PHTHTE_I.xpt,WTSB2YR,1.0,C:\Users\21634\Documents\Codex\2026-08-22\non\work\whynot17\work\nhanes_phase2a\environmental_xpt\2015-2016_PHTHTE_I.xpt
NHANES_CORONARY_HEART_DISEASE,NHANES_URXMIB,URXMIB,2017-2018,PHTHTE_J.xpt,WTSB2YR,1.0,C:\Users\21634\Documents\Codex\2026-08-22\non\work\whynot17\work\nhanes_phase2a\environmental_xpt\2017-2018_PHTHTE_J.xpt
NHANES_CORONARY_HEART_DISEASE,NHANES_URXMOH,URXMOH,2001-2002,PHPYPA_B.xpt,WTSPH2YR,1.0,C:\Users\21634\Documents\Codex\2026-08-22\non\work\whynot17\work\nhanes_phase2a\environmental_xpt\2001-2002_PHPYPA_B.xpt
NHANES_CORONARY_HEART_DISEASE,NHANES_URXMOH,URXMOH,2003-2004,L24PH_C.xpt,WTSB2YR,1.0,C:\Users\21634\Documents\Codex\2026-08-22\non\work\whynot17\work\nhanes_phase2a\environmental_xpt\2003-2004_L24PH_C.xpt
NHANES_CORONARY_HEART_DISEASE,NHANES_URXMOH,URXMOH,2005-2006,PHTHTE_D.xpt,WTSB2YR,1.0,C:\Users\21634\Documents\Codex\2026-08-22\non\work\whynot17\work\nhanes_phase2a\environmental_xpt\2005-2006_PHTHTE_D.xpt
NHANES_CORONARY_HEART_DISEASE,NHANES_URXMOH,URXMOH,2007-2008,PHTHTE_E.xpt,WTSB2YR,1.0,C:\Users\21634\Documents\Codex\2026-08-22\non\work\whynot17\work\nhanes_phase2a\environmental_xpt\2007-2008_PHTHTE_E.xpt
NHANES_CORONARY_HEART_DISEASE,NHANES_URXMOH,URXMOH,2009-2010,PHTHTE_F.xpt,WTSB2YR,1.0,C:\Users\21634\Documents\Codex\2026-08-22\non\work\whynot17\work\nhanes_phase2a\environmental_xpt\2009-2010_PHTHTE_F.xpt
NHANES_CORONARY_HEART_DISEASE,NHANES_URXMOH,URXMOH,2011-2012,PHTHTE_G.xpt,WTSA2YR,1.0,C:\Users\21634\Documents\Codex\2026-08-22\non\work\whynot17\work\nhanes_phase2a\environmental_xpt\2011-2012_PHTHTE_G.xpt
NHANES_CORONARY_HEART_DISEASE,NHANES_URXMOH,URXMOH,2013-2014,PHTHTE_H.xpt,WTSB2YR,1.0,C:\Users\21634\Documents\Codex\2026-08-22\non\work\whynot17\work\nhanes_phase2a\environmental_xpt\2013-2014_PHTHTE_H.xpt
NHANES_CORONARY_HEART_DISEASE,NHANES_URXMOH,URXMOH,2015-2016,PHTHTE_I.xpt,WTSB2YR,1.0,C:\Users\21634\Documents\Codex\2026-08-22\non\work\whynot17\work\nhanes_phase2a\environmental_xpt\2015-2016_PHTHTE_I.xpt
NHANES_CORONARY_HEART_DISEASE,NHANES_URXMOH,URXMOH,2017-2018,PHTHTE_J.xpt,WTSB2YR,1.0,C:\Users\21634\Documents\Codex\2026-08-22\non\work\whynot17\work\nhanes_phase2a\environmental_xpt\2017-2018_PHTHTE_J.xpt
NHANES_CORONARY_HEART_DISEASE,NHANES_URXMZP,URXMZP,1999-2000,PHPYPA.xpt,WTSPH4YR,2.0,C:\Users\21634\Documents\Codex\2026-08-22\non\work\whynot17\work\nhanes_phase2a\environmental_xpt\1999-2000_PHPYPA.xpt
NHANES_CORONARY_HEART_DISEASE,NHANES_URXMZP,URXMZP,2001-2002,PHPYPA_B.xpt,WTSPH2YR,1.0,C:\Users\21634\Documents\Codex\2026-08-22\non\work\whynot17\work\nhanes_phase2a\environmental_xpt\2001-2002_PHPYPA_B.xpt
NHANES_CORONARY_HEART_DISEASE,NHANES_URXMZP,URXMZP,2003-2004,L24PH_C.xpt,WTSB2YR,1.0,C:\Users\21634\Documents\Codex\2026-08-22\non\work\whynot17\work\nhanes_phase2a\environmental_xpt\2003-2004_L24PH_C.xpt
NHANES_CORONARY_HEART_DISEASE,NHANES_URXMZP,URXMZP,2005-2006,PHTHTE_D.xpt,WTSB2YR,1.0,C:\Users\21634\Documents\Codex\2026-08-22\non\work\whynot17\work\nhanes_phase2a\environmental_xpt\2005-2006_PHTHTE_D.xpt
NHANES_CORONARY_HEART_DISEASE,NHANES_URXMZP,URXMZP,2007-2008,PHTHTE_E.xpt,WTSB2YR,1.0,C:\Users\21634\Documents\Codex\2026-08-22\non\work\whynot17\work\nhanes_phase2a\environmental_xpt\2007-2008_PHTHTE_E.xpt
NHANES_CORONARY_HEART_DISEASE,NHANES_URXMZP,URXMZP,2009-2010,PHTHTE_F.xpt,WTSB2YR,1.0,C:\Users\21634\Documents\Codex\2026-08-22\non\work\whynot17\work\nhanes_phase2a\environmental_xpt\2009-2010_PHTHTE_F.xpt
NHANES_CORONARY_HEART_DISEASE,NHANES_URXMZP,URXMZP,2011-2012,PHTHTE_G.xpt,WTSA2YR,1.0,C:\Users\21634\Documents\Codex\2026-08-22\non\work\whynot17\work\nhanes_phase2a\environmental_xpt\2011-2012_PHTHTE_G.xpt
NHANES_CORONARY_HEART_DISEASE,NHANES_URXMZP,URXMZP,2013-2014,PHTHTE_H.xpt,WTSB2YR,1.0,C:\Users\21634\Documents\Codex\2026-08-22\non\work\whynot17\work\nhanes_phase2a\environmental_xpt\2013-2014_PHTHTE_H.xpt
NHANES_CORONARY_HEART_DISEASE,NHANES_URXMZP,URXMZP,2015-2016,PHTHTE_I.xpt,WTSB2YR,1.0,C:\Users\21634\Documents\Codex\2026-08-22\non\work\whynot17\work\nhanes_phase2a\environmental_xpt\2015-2016_PHTHTE_I.xpt
NHANES_CORONARY_HEART_DISEASE,NHANES_URXMZP,URXMZP,2017-2018,PHTHTE_J.xpt,WTSB2YR,1.0,C:\Users\21634\Documents\Codex\2026-08-22\non\work\whynot17\work\nhanes_phase2a\environmental_xpt\2017-2018_PHTHTE_J.xpt
NHANES_CORONARY_HEART_DISEASE,NHANES_URXP02,URXP02,2001-2002,PHPYPA_B.xpt,WTSPH2YR,1.0,C:\Users\21634\Documents\Codex\2026-08-22\non\work\whynot17\work\nhanes_phase2a\environmental_xpt\2001-2002_PHPYPA_B.xpt
NHANES_CORONARY_HEART_DISEASE,NHANES_URXP02,URXP02,2003-2004,L31PAH_C.xpt,WTSB2YR,1.0,C:\Users\21634\Documents\Codex\2026-08-22\non\work\whynot17\work\nhanes_phase2a\environmental_xpt\2003-2004_L31PAH_C.xpt
NHANES_CORONARY_HEART_DISEASE,NHANES_URXP02,URXP02,2005-2006,PAH_D.xpt,WTSB2YR,1.0,C:\Users\21634\Documents\Codex\2026-08-22\non\work\whynot17\work\nhanes_phase2a\environmental_xpt\2005-2006_PAH_D.xpt
NHANES_CORONARY_HEART_DISEASE,NHANES_URXP02,URXP02,2007-2008,PAH_E.xpt,WTSB2YR,1.0,C:\Users\21634\Documents\Codex\2026-08-22\non\work\whynot17\work\nhanes_phase2a\environmental_xpt\2007-2008_PAH_E.xpt
NHANES_CORONARY_HEART_DISEASE,NHANES_URXP02,URXP02,2009-2010,PAH_F.xpt,WTSB2YR,1.0,C:\Users\21634\Documents\Codex\2026-08-22\non\work\whynot17\work\nhanes_phase2a\environmental_xpt\2009-2010_PAH_F.xpt
NHANES_CORONARY_HEART_DISEASE,NHANES_URXP02,URXP02,2011-2012,PAH_G.xpt,WTSA2YR,1.0,C:\Users\21634\Documents\Codex\2026-08-22\non\work\whynot17\work\nhanes_phase2a\environmental_xpt\2011-2012_PAH_G.xpt
NHANES_CORONARY_HEART_DISEASE,NHANES_URXP02,URXP02,2013-2014,PAH_H.xpt,WTSA2YR,1.0,C:\Users\21634\Documents\Codex\2026-08-22\non\work\whynot17\work\nhanes_phase2a\environmental_xpt\2013-2014_PAH_H.xpt
NHANES_CORONARY_HEART_DISEASE,NHANES_URXP02,URXP02,2015-2016,PAH_I.xpt,WTSA2YR,1.0,C:\Users\21634\Documents\Codex\2026-08-22\non\work\whynot17\work\nhanes_phase2a\environmental_xpt\2015-2016_PAH_I.xpt
NHANES_CORONARY_HEART_DISEASE,NHANES_URXP04,URXP04,2001-2002,PHPYPA_B.xpt,WTSPH2YR,1.0,C:\Users\21634\Documents\Codex\2026-08-22\non\work\whynot17\work\nhanes_phase2a\environmental_xpt\2001-2002_PHPYPA_B.xpt
NHANES_CORONARY_HEART_DISEASE,NHANES_URXP04,URXP04,2003-2004,L31PAH_C.xpt,WTSB2YR,1.0,C:\Users\21634\Documents\Codex\2026-08-22\non\work\whynot17\work\nhanes_phase2a\environmental_xpt\2003-2004_L31PAH_C.xpt
NHANES_CORONARY_HEART_DISEASE,NHANES_URXP04,URXP04,2005-2006,PAH_D.xpt,WTSB2YR,1.0,C:\Users\21634\Documents\Codex\2026-08-22\non\work\whynot17\work\nhanes_phase2a\environmental_xpt\2005-2006_PAH_D.xpt
NHANES_CORONARY_HEART_DISEASE,NHANES_URXP04,URXP04,2007-2008,PAH_E.xpt,WTSB2YR,1.0,C:\Users\21634\Documents\Codex\2026-08-22\non\work\whynot17\work\nhanes_phase2a\environmental_xpt\2007-2008_PAH_E.xpt
NHANES_CORONARY_HEART_DISEASE,NHANES_URXP04,URXP04,2009-2010,PAH_F.xpt,WTSB2YR,1.0,C:\Users\21634\Documents\Codex\2026-08-22\non\work\whynot17\work\nhanes_phase2a\environmental_xpt\2009-2010_PAH_F.xpt
NHANES_CORONARY_HEART_DISEASE,NHANES_URXP04,URXP04,2011-2012,PAH_G.xpt,WTSA2YR,1.0,C:\Users\21634\Documents\Codex\2026-08-22\non\work\whynot17\work\nhanes_phase2a\environmental_xpt\2011-2012_PAH_G.xpt
NHANES_CORONARY_HEART_DISEASE,NHANES_URXP04,URXP04,2013-2014,PAH_H.xpt,WTSA2YR,1.0,C:\Users\21634\Documents\Codex\2026-08-22\non\work\whynot17\work\nhanes_phase2a\environmental_xpt\2013-2014_PAH_H.xpt
NHANES_CORONARY_HEART_DISEASE,NHANES_URXP04,URXP04,2015-2016,PAH_I.xpt,WTSA2YR,1.0,C:\Users\21634\Documents\Codex\2026-08-22\non\work\whynot17\work\nhanes_phase2a\environmental_xpt\2015-2016_PAH_I.xpt
NHANES_CORONARY_HEART_DISEASE,NHANES_URXP04,URXP04,2017-2018,PAH_J.xpt,WTSA2YR,1.0,C:\Users\21634\Documents\Codex\2026-08-22\non\work\whynot17\work\nhanes_phase2a\environmental_xpt\2017-2018_PAH_J.xpt
NHANES_CORONARY_HEART_DISEASE,NHANES_URXP10,URXP10,2001-2002,PHPYPA_B.xpt,WTSPH2YR,1.0,C:\Users\21634\Documents\Codex\2026-08-22\non\work\whynot17\work\nhanes_phase2a\environmental_xpt\2001-2002_PHPYPA_B.xpt
NHANES_CORONARY_HEART_DISEASE,NHANES_URXP10,URXP10,2003-2004,L31PAH_C.xpt,WTSB2YR,1.0,C:\Users\21634\Documents\Codex\2026-08-22\non\work\whynot17\work\nhanes_phase2a\environmental_xpt\2003-2004_L31PAH_C.xpt
NHANES_CORONARY_HEART_DISEASE,NHANES_URXP10,URXP10,2005-2006,PAH_D.xpt,WTSB2YR,1.0,C:\Users\21634\Documents\Codex\2026-08-22\non\work\whynot17\work\nhanes_phase2a\environmental_xpt\2005-2006_PAH_D.xpt
NHANES_CORONARY_HEART_DISEASE,NHANES_URXP10,URXP10,2007-2008,PAH_E.xpt,WTSB2YR,1.0,C:\Users\21634\Documents\Codex\2026-08-22\non\work\whynot17\work\nhanes_phase2a\environmental_xpt\2007-2008_PAH_E.xpt
NHANES_CORONARY_HEART_DISEASE,NHANES_URXP10,URXP10,2009-2010,PAH_F.xpt,WTSB2YR,1.0,C:\Users\21634\Documents\Codex\2026-08-22\non\work\whynot17\work\nhanes_phase2a\environmental_xpt\2009-2010_PAH_F.xpt
NHANES_CORONARY_HEART_DISEASE,NHANES_URXP10,URXP10,2011-2012,PAH_G.xpt,WTSA2YR,1.0,C:\Users\21634\Documents\Codex\2026-08-22\non\work\whynot17\work\nhanes_phase2a\environmental_xpt\2011-2012_PAH_G.xpt
NHANES_CORONARY_HEART_DISEASE,NHANES_URXP10,URXP10,2013-2014,PAH_H.xpt,WTSA2YR,1.0,C:\Users\21634\Documents\Codex\2026-08-22\non\work\whynot17\work\nhanes_phase2a\environmental_xpt\2013-2014_PAH_H.xpt
NHANES_CORONARY_HEART_DISEASE,NHANES_URXP10,URXP10,2015-2016,PAH_I.xpt,WTSA2YR,1.0,C:\Users\21634\Documents\Codex\2026-08-22\non\work\whynot17\work\nhanes_phase2a\environmental_xpt\2015-2016_PAH_I.xpt
NHANES_CORONARY_HEART_DISEASE,NHANES_URXP10,URXP10,2017-2018,PAH_J.xpt,WTSA2YR,1.0,C:\Users\21634\Documents\Codex\2026-08-22\non\work\whynot17\work\nhanes_phase2a\environmental_xpt\2017-2018_PAH_J.xpt
NHANES_CORONARY_HEART_DISEASE,NHANES_URXP25,URXP25,2013-2014,PAH_H.xpt,WTSA2YR,1.0,C:\Users\21634\Documents\Codex\2026-08-22\non\work\whynot17\work\nhanes_phase2a\environmental_xpt\2013-2014_PAH_H.xpt
NHANES_CORONARY_HEART_DISEASE,NHANES_URXP25,URXP25,2015-2016,PAH_I.xpt,WTSA2YR,1.0,C:\Users\21634\Documents\Codex\2026-08-22\non\work\whynot17\work\nhanes_phase2a\environmental_xpt\2015-2016_PAH_I.xpt
NHANES_CORONARY_HEART_DISEASE,NHANES_URXP25,URXP25,2017-2018,PAH_J.xpt,WTSA2YR,1.0,C:\Users\21634\Documents\Codex\2026-08-22\non\work\whynot17\work\nhanes_phase2a\environmental_xpt\2017-2018_PAH_J.xpt
NHANES_CORONARY_HEART_DISEASE,NHANES_URXUBA,URXUBA,1999-2000,LAB06HM.xpt,WTSHM2YR,1.0,C:\Users\21634\Documents\Codex\2026-08-22\non\work\whynot17\work\nhanes_phase2a\environmental_xpt\1999-2000_LAB06HM.xpt
NHANES_CORONARY_HEART_DISEASE,NHANES_URXUBA,URXUBA,2001-2002,L06HM_B.xpt,WTSHM2YR,1.0,C:\Users\21634\Documents\Codex\2026-08-22\non\work\whynot17\work\nhanes_phase2a\environmental_xpt\2001-2002_L06HM_B.xpt
NHANES_CORONARY_HEART_DISEASE,NHANES_URXUBA,URXUBA,2003-2004,L06HM_C.xpt,WTSA2YR,1.0,C:\Users\21634\Documents\Codex\2026-08-22\non\work\whynot17\work\nhanes_phase2a\environmental_xpt\2003-2004_L06HM_C.xpt
NHANES_CORONARY_HEART_DISEASE,NHANES_URXUBA,URXUBA,2005-2006,UHM_D.xpt,WTSA2YR,1.0,C:\Users\21634\Documents\Codex\2026-08-22\non\work\whynot17\work\nhanes_phase2a\environmental_xpt\2005-2006_UHM_D.xpt
NHANES_CORONARY_HEART_DISEASE,NHANES_URXUBA,URXUBA,2007-2008,UHM_E.xpt,WTSA2YR,1.0,C:\Users\21634\Documents\Codex\2026-08-22\non\work\whynot17\work\nhanes_phase2a\environmental_xpt\2007-2008_UHM_E.xpt
NHANES_CORONARY_HEART_DISEASE,NHANES_URXUBA,URXUBA,2009-2010,UHM_F.xpt,WTSA2YR,1.0,C:\Users\21634\Documents\Codex\2026-08-22\non\work\whynot17\work\nhanes_phase2a\environmental_xpt\2009-2010_UHM_F.xpt
NHANES_CORONARY_HEART_DISEASE,NHANES_URXUBA,URXUBA,2011-2012,UHM_G.xpt,WTSA2YR,1.0,C:\Users\21634\Documents\Codex\2026-08-22\non\work\whynot17\work\nhanes_phase2a\environmental_xpt\2011-2012_UHM_G.xpt
NHANES_CORONARY_HEART_DISEASE,NHANES_URXUBA,URXUBA,2013-2014,UM_H.xpt,WTSA2YR,1.0,C:\Users\21634\Documents\Codex\2026-08-22\non\work\whynot17\work\nhanes_phase2a\environmental_xpt\2013-2014_UM_H.xpt
NHANES_CORONARY_HEART_DISEASE,NHANES_URXUBA,URXUBA,2015-2016,UM_I.xpt,WTSA2YR,1.0,C:\Users\21634\Documents\Codex\2026-08-22\non\work\whynot17\work\nhanes_phase2a\environmental_xpt\2015-2016_UM_I.xpt
NHANES_CORONARY_HEART_DISEASE,NHANES_URXUBA,URXUBA,2017-2018,UM_J.xpt,WTSA2YR,1.0,C:\Users\21634\Documents\Codex\2026-08-22\non\work\whynot17\work\nhanes_phase2a\environmental_xpt\2017-2018_UM_J.xpt
NHANES_CORONARY_HEART_DISEASE,NHANES_URXUCD,URXUCD,2003-2004,L06HM_C.xpt,WTSA2YR,1.0,C:\Users\21634\Documents\Codex\2026-08-22\non\work\whynot17\work\nhanes_phase2a\environmental_xpt\2003-2004_L06HM_C.xpt
NHANES_CORONARY_HEART_DISEASE,NHANES_URXUCD,URXUCD,2005-2006,UHM_D.xpt,WTSA2YR,1.0,C:\Users\21634\Documents\Codex\2026-08-22\non\work\whynot17\work\nhanes_phase2a\environmental_xpt\2005-2006_UHM_D.xpt
NHANES_CORONARY_HEART_DISEASE,NHANES_URXUCD,URXUCD,2007-2008,UHM_E.xpt,WTSA2YR,1.0,C:\Users\21634\Documents\Codex\2026-08-22\non\work\whynot17\work\nhanes_phase2a\environmental_xpt\2007-2008_UHM_E.xpt
NHANES_CORONARY_HEART_DISEASE,NHANES_URXUCD,URXUCD,2009-2010,UHM_F.xpt,WTSA2YR,1.0,C:\Users\21634\Documents\Codex\2026-08-22\non\work\whynot17\work\nhanes_phase2a\environmental_xpt\2009-2010_UHM_F.xpt
NHANES_CORONARY_HEART_DISEASE,NHANES_URXUCD,URXUCD,2011-2012,UHM_G.xpt,WTSA2YR,1.0,C:\Users\21634\Documents\Codex\2026-08-22\non\work\whynot17\work\nhanes_phase2a\environmental_xpt\2011-2012_UHM_G.xpt
NHANES_CORONARY_HEART_DISEASE,NHANES_URXUCD,URXUCD,2013-2014,UM_H.xpt,WTSA2YR,1.0,C:\Users\21634\Documents\Codex\2026-08-22\non\work\whynot17\work\nhanes_phase2a\environmental_xpt\2013-2014_UM_H.xpt
NHANES_CORONARY_HEART_DISEASE,NHANES_URXUCD,URXUCD,2015-2016,UM_I.xpt,WTSA2YR,1.0,C:\Users\21634\Documents\Codex\2026-08-22\non\work\whynot17\work\nhanes_phase2a\environmental_xpt\2015-2016_UM_I.xpt
NHANES_CORONARY_HEART_DISEASE,NHANES_URXUCD,URXUCD,2017-2018,UM_J.xpt,WTSA2YR,1.0,C:\Users\21634\Documents\Codex\2026-08-22\non\work\whynot17\work\nhanes_phase2a\environmental_xpt\2017-2018_UM_J.xpt
NHANES_CORONARY_HEART_DISEASE,NHANES_URXUCO,URXUCO,1999-2000,LAB06HM.xpt,WTSHM2YR,1.0,C:\Users\21634\Documents\Codex\2026-08-22\non\work\whynot17\work\nhanes_phase2a\environmental_xpt\1999-2000_LAB06HM.xpt
NHANES_CORONARY_HEART_DISEASE,NHANES_URXUCO,URXUCO,2001-2002,L06HM_B.xpt,WTSHM2YR,1.0,C:\Users\21634\Documents\Codex\2026-08-22\non\work\whynot17\work\nhanes_phase2a\environmental_xpt\2001-2002_L06HM_B.xpt
NHANES_CORONARY_HEART_DISEASE,NHANES_URXUCO,URXUCO,2003-2004,L06HM_C.xpt,WTSA2YR,1.0,C:\Users\21634\Documents\Codex\2026-08-22\non\work\whynot17\work\nhanes_phase2a\environmental_xpt\2003-2004_L06HM_C.xpt
NHANES_CORONARY_HEART_DISEASE,NHANES_URXUCO,URXUCO,2005-2006,UHM_D.xpt,WTSA2YR,1.0,C:\Users\21634\Documents\Codex\2026-08-22\non\work\whynot17\work\nhanes_phase2a\environmental_xpt\2005-2006_UHM_D.xpt
NHANES_CORONARY_HEART_DISEASE,NHANES_URXUCO,URXUCO,2007-2008,UHM_E.xpt,WTSA2YR,1.0,C:\Users\21634\Documents\Codex\2026-08-22\non\work\whynot17\work\nhanes_phase2a\environmental_xpt\2007-2008_UHM_E.xpt
NHANES_CORONARY_HEART_DISEASE,NHANES_URXUCO,URXUCO,2009-2010,UHM_F.xpt,WTSA2YR,1.0,C:\Users\21634\Documents\Codex\2026-08-22\non\work\whynot17\work\nhanes_phase2a\environmental_xpt\2009-2010_UHM_F.xpt
NHANES_CORONARY_HEART_DISEASE,NHANES_URXUCO,URXUCO,2011-2012,UHM_G.xpt,WTSA2YR,1.0,C:\Users\21634\Documents\Codex\2026-08-22\non\work\whynot17\work\nhanes_phase2a\environmental_xpt\2011-2012_UHM_G.xpt
NHANES_CORONARY_HEART_DISEASE,NHANES_URXUCO,URXUCO,2013-2014,UM_H.xpt,WTSA2YR,1.0,C:\Users\21634\Documents\Codex\2026-08-22\non\work\whynot17\work\nhanes_phase2a\environmental_xpt\2013-2014_UM_H.xpt
NHANES_CORONARY_HEART_DISEASE,NHANES_URXUCO,URXUCO,2015-2016,UM_I.xpt,WTSA2YR,1.0,C:\Users\21634\Documents\Codex\2026-08-22\non\work\whynot17\work\nhanes_phase2a\environmental_xpt\2015-2016_UM_I.xpt
NHANES_CORONARY_HEART_DISEASE,NHANES_URXUCO,URXUCO,2017-2018,UM_J.xpt,WTSA2YR,1.0,C:\Users\21634\Documents\Codex\2026-08-22\non\work\whynot17\work\nhanes_phase2a\environmental_xpt\2017-2018_UM_J.xpt
NHANES_CORONARY_HEART_DISEASE,NHANES_URXUCS,URXUCS,1999-2000,LAB06HM.xpt,WTSHM2YR,1.0,C:\Users\21634\Documents\Codex\2026-08-22\non\work\whynot17\work\nhanes_phase2a\environmental_xpt\1999-2000_LAB06HM.xpt
NHANES_CORONARY_HEART_DISEASE,NHANES_URXUCS,URXUCS,2001-2002,L06HM_B.xpt,WTSHM2YR,1.0,C:\Users\21634\Documents\Codex\2026-08-22\non\work\whynot17\work\nhanes_phase2a\environmental_xpt\2001-2002_L06HM_B.xpt
NHANES_CORONARY_HEART_DISEASE,NHANES_URXUCS,URXUCS,2003-2004,L06HM_C.xpt,WTSA2YR,1.0,C:\Users\21634\Documents\Codex\2026-08-22\non\work\whynot17\work\nhanes_phase2a\environmental_xpt\2003-2004_L06HM_C.xpt
NHANES_CORONARY_HEART_DISEASE,NHANES_URXUCS,URXUCS,2005-2006,UHM_D.xpt,WTSA2YR,1.0,C:\Users\21634\Documents\Codex\2026-08-22\non\work\whynot17\work\nhanes_phase2a\environmental_xpt\2005-2006_UHM_D.xpt
NHANES_CORONARY_HEART_DISEASE,NHANES_URXUCS,URXUCS,2007-2008,UHM_E.xpt,WTSA2YR,1.0,C:\Users\21634\Documents\Codex\2026-08-22\non\work\whynot17\work\nhanes_phase2a\environmental_xpt\2007-2008_UHM_E.xpt
NHANES_CORONARY_HEART_DISEASE,NHANES_URXUCS,URXUCS,2009-2010,UHM_F.xpt,WTSA2YR,1.0,C:\Users\21634\Documents\Codex\2026-08-22\non\work\whynot17\work\nhanes_phase2a\environmental_xpt\2009-2010_UHM_F.xpt
NHANES_CORONARY_HEART_DISEASE,NHANES_URXUCS,URXUCS,2011-2012,UHM_G.xpt,WTSA2YR,1.0,C:\Users\21634\Documents\Codex\2026-08-22\non\work\whynot17\work\nhanes_phase2a\environmental_xpt\2011-2012_UHM_G.xpt
NHANES_CORONARY_HEART_DISEASE,NHANES_URXUCS,URXUCS,2013-2014,UM_H.xpt,WTSA2YR,1.0,C:\Users\21634\Documents\Codex\2026-08-22\non\work\whynot17\work\nhanes_phase2a\environmental_xpt\2013-2014_UM_H.xpt
NHANES_CORONARY_HEART_DISEASE,NHANES_URXUCS,URXUCS,2015-2016,UM_I.xpt,WTSA2YR,1.0,C:\Users\21634\Documents\Codex\2026-08-22\non\work\whynot17\work\nhanes_phase2a\environmental_xpt\2015-2016_UM_I.xpt
NHANES_CORONARY_HEART_DISEASE,NHANES_URXUCS,URXUCS,2017-2018,UM_J.xpt,WTSA2YR,1.0,C:\Users\21634\Documents\Codex\2026-08-22\non\work\whynot17\work\nhanes_phase2a\environmental_xpt\2017-2018_UM_J.xpt
NHANES_CORONARY_HEART_DISEASE,NHANES_URXUMO,URXUMO,1999-2000,LAB06HM.xpt,WTSHM2YR,1.0,C:\Users\21634\Documents\Codex\2026-08-22\non\work\whynot17\work\nhanes_phase2a\environmental_xpt\1999-2000_LAB06HM.xpt
NHANES_CORONARY_HEART_DISEASE,NHANES_URXUMO,URXUMO,2001-2002,L06HM_B.xpt,WTSHM2YR,1.0,C:\Users\21634\Documents\Codex\2026-08-22\non\work\whynot17\work\nhanes_phase2a\environmental_xpt\2001-2002_L06HM_B.xpt
NHANES_CORONARY_HEART_DISEASE,NHANES_URXUMO,URXUMO,2003-2004,L06HM_C.xpt,WTSA2YR,1.0,C:\Users\21634\Documents\Codex\2026-08-22\non\work\whynot17\work\nhanes_phase2a\environmental_xpt\2003-2004_L06HM_C.xpt
NHANES_CORONARY_HEART_DISEASE,NHANES_URXUMO,URXUMO,2005-2006,UHM_D.xpt,WTSA2YR,1.0,C:\Users\21634\Documents\Codex\2026-08-22\non\work\whynot17\work\nhanes_phase2a\environmental_xpt\2005-2006_UHM_D.xpt
NHANES_CORONARY_HEART_DISEASE,NHANES_URXUMO,URXUMO,2007-2008,UHM_E.xpt,WTSA2YR,1.0,C:\Users\21634\Documents\Codex\2026-08-22\non\work\whynot17\work\nhanes_phase2a\environmental_xpt\2007-2008_UHM_E.xpt
NHANES_CORONARY_HEART_DISEASE,NHANES_URXUMO,URXUMO,2009-2010,UHM_F.xpt,WTSA2YR,1.0,C:\Users\21634\Documents\Codex\2026-08-22\non\work\whynot17\work\nhanes_phase2a\environmental_xpt\2009-2010_UHM_F.xpt
NHANES_CORONARY_HEART_DISEASE,NHANES_URXUMO,URXUMO,2011-2012,UHM_G.xpt,WTSA2YR,1.0,C:\Users\21634\Documents\Codex\2026-08-22\non\work\whynot17\work\nhanes_phase2a\environmental_xpt\2011-2012_UHM_G.xpt
NHANES_CORONARY_HEART_DISEASE,NHANES_URXUMO,URXUMO,2013-2014,UM_H.xpt,WTSA2YR,1.0,C:\Users\21634\Documents\Codex\2026-08-22\non\work\whynot17\work\nhanes_phase2a\environmental_xpt\2013-2014_UM_H.xpt
NHANES_CORONARY_HEART_DISEASE,NHANES_URXUMO,URXUMO,2015-2016,UM_I.xpt,WTSA2YR,1.0,C:\Users\21634\Documents\Codex\2026-08-22\non\work\whynot17\work\nhanes_phase2a\environmental_xpt\2015-2016_UM_I.xpt
NHANES_CORONARY_HEART_DISEASE,NHANES_URXUMO,URXUMO,2017-2018,UM_J.xpt,WTSA2YR,1.0,C:\Users\21634\Documents\Codex\2026-08-22\non\work\whynot17\work\nhanes_phase2a\environmental_xpt\2017-2018_UM_J.xpt
NHANES_CORONARY_HEART_DISEASE,NHANES_URXUPB,URXUPB,1999-2000,LAB06HM.xpt,WTSHM2YR,1.0,C:\Users\21634\Documents\Codex\2026-08-22\non\work\whynot17\work\nhanes_phase2a\environmental_xpt\1999-2000_LAB06HM.xpt
NHANES_CORONARY_HEART_DISEASE,NHANES_URXUPB,URXUPB,2001-2002,L06HM_B.xpt,WTSHM2YR,1.0,C:\Users\21634\Documents\Codex\2026-08-22\non\work\whynot17\work\nhanes_phase2a\environmental_xpt\2001-2002_L06HM_B.xpt
NHANES_CORONARY_HEART_DISEASE,NHANES_URXUPB,URXUPB,2003-2004,L06HM_C.xpt,WTSA2YR,1.0,C:\Users\21634\Documents\Codex\2026-08-22\non\work\whynot17\work\nhanes_phase2a\environmental_xpt\2003-2004_L06HM_C.xpt
NHANES_CORONARY_HEART_DISEASE,NHANES_URXUPB,URXUPB,2005-2006,UHM_D.xpt,WTSA2YR,1.0,C:\Users\21634\Documents\Codex\2026-08-22\non\work\whynot17\work\nhanes_phase2a\environmental_xpt\2005-2006_UHM_D.xpt
NHANES_CORONARY_HEART_DISEASE,NHANES_URXUPB,URXUPB,2007-2008,UHM_E.xpt,WTSA2YR,1.0,C:\Users\21634\Documents\Codex\2026-08-22\non\work\whynot17\work\nhanes_phase2a\environmental_xpt\2007-2008_UHM_E.xpt
NHANES_CORONARY_HEART_DISEASE,NHANES_URXUPB,URXUPB,2009-2010,UHM_F.xpt,WTSA2YR,1.0,C:\Users\21634\Documents\Codex\2026-08-22\non\work\whynot17\work\nhanes_phase2a\environmental_xpt\2009-2010_UHM_F.xpt
NHANES_CORONARY_HEART_DISEASE,NHANES_URXUPB,URXUPB,2011-2012,UHM_G.xpt,WTSA2YR,1.0,C:\Users\21634\Documents\Codex\2026-08-22\non\work\whynot17\work\nhanes_phase2a\environmental_xpt\2011-2012_UHM_G.xpt
NHANES_CORONARY_HEART_DISEASE,NHANES_URXUPB,URXUPB,2013-2014,UM_H.xpt,WTSA2YR,1.0,C:\Users\21634\Documents\Codex\2026-08-22\non\work\whynot17\work\nhanes_phase2a\environmental_xpt\2013-2014_UM_H.xpt
NHANES_CORONARY_HEART_DISEASE,NHANES_URXUPB,URXUPB,2015-2016,UM_I.xpt,WTSA2YR,1.0,C:\Users\21634\Documents\Codex\2026-08-22\non\work\whynot17\work\nhanes_phase2a\environmental_xpt\2015-2016_UM_I.xpt
NHANES_CORONARY_HEART_DISEASE,NHANES_URXUPB,URXUPB,2017-2018,UM_J.xpt,WTSA2YR,1.0,C:\Users\21634\Documents\Codex\2026-08-22\non\work\whynot17\work\nhanes_phase2a\environmental_xpt\2017-2018_UM_J.xpt
NHANES_CORONARY_HEART_DISEASE,NHANES_URXUSB,URXUSB,1999-2000,LAB06HM.xpt,WTSHM2YR,1.0,C:\Users\21634\Documents\Codex\2026-08-22\non\work\whynot17\work\nhanes_phase2a\environmental_xpt\1999-2000_LAB06HM.xpt
NHANES_CORONARY_HEART_DISEASE,NHANES_URXUSB,URXUSB,2001-2002,L06HM_B.xpt,WTSHM2YR,1.0,C:\Users\21634\Documents\Codex\2026-08-22\non\work\whynot17\work\nhanes_phase2a\environmental_xpt\2001-2002_L06HM_B.xpt
NHANES_CORONARY_HEART_DISEASE,NHANES_URXUSB,URXUSB,2003-2004,L06HM_C.xpt,WTSA2YR,1.0,C:\Users\21634\Documents\Codex\2026-08-22\non\work\whynot17\work\nhanes_phase2a\environmental_xpt\2003-2004_L06HM_C.xpt
NHANES_CORONARY_HEART_DISEASE,NHANES_URXUSB,URXUSB,2005-2006,UHM_D.xpt,WTSA2YR,1.0,C:\Users\21634\Documents\Codex\2026-08-22\non\work\whynot17\work\nhanes_phase2a\environmental_xpt\2005-2006_UHM_D.xpt
NHANES_CORONARY_HEART_DISEASE,NHANES_URXUSB,URXUSB,2007-2008,UHM_E.xpt,WTSA2YR,1.0,C:\Users\21634\Documents\Codex\2026-08-22\non\work\whynot17\work\nhanes_phase2a\environmental_xpt\2007-2008_UHM_E.xpt
NHANES_CORONARY_HEART_DISEASE,NHANES_URXUSB,URXUSB,2009-2010,UHM_F.xpt,WTSA2YR,1.0,C:\Users\21634\Documents\Codex\2026-08-22\non\work\whynot17\work\nhanes_phase2a\environmental_xpt\2009-2010_UHM_F.xpt
NHANES_CORONARY_HEART_DISEASE,NHANES_URXUSB,URXUSB,2011-2012,UHM_G.xpt,WTSA2YR,1.0,C:\Users\21634\Documents\Codex\2026-08-22\non\work\whynot17\work\nhanes_phase2a\environmental_xpt\2011-2012_UHM_G.xpt
NHANES_CORONARY_HEART_DISEASE,NHANES_URXUSB,URXUSB,2013-2014,UM_H.xpt,WTSA2YR,1.0,C:\Users\21634\Documents\Codex\2026-08-22\non\work\whynot17\work\nhanes_phase2a\environmental_xpt\2013-2014_UM_H.xpt
NHANES_CORONARY_HEART_DISEASE,NHANES_URXUSB,URXUSB,2015-2016,UM_I.xpt,WTSA2YR,1.0,C:\Users\21634\Documents\Codex\2026-08-22\non\work\whynot17\work\nhanes_phase2a\environmental_xpt\2015-2016_UM_I.xpt
NHANES_CORONARY_HEART_DISEASE,NHANES_URXUSB,URXUSB,2017-2018,UM_J.xpt,WTSA2YR,1.0,C:\Users\21634\Documents\Codex\2026-08-22\non\work\whynot17\work\nhanes_phase2a\environmental_xpt\2017-2018_UM_J.xpt
NHANES_CORONARY_HEART_DISEASE,NHANES_URXUSN,URXUSN,2011-2012,UHM_G.xpt,WTSA2YR,1.0,C:\Users\21634\Documents\Codex\2026-08-22\non\work\whynot17\work\nhanes_phase2a\environmental_xpt\2011-2012_UHM_G.xpt
NHANES_CORONARY_HEART_DISEASE,NHANES_URXUSN,URXUSN,2013-2014,UM_H.xpt,WTSA2YR,1.0,C:\Users\21634\Documents\Codex\2026-08-22\non\work\whynot17\work\nhanes_phase2a\environmental_xpt\2013-2014_UM_H.xpt
NHANES_CORONARY_HEART_DISEASE,NHANES_URXUSN,URXUSN,2015-2016,UM_I.xpt,WTSA2YR,1.0,C:\Users\21634\Documents\Codex\2026-08-22\non\work\whynot17\work\nhanes_phase2a\environmental_xpt\2015-2016_UM_I.xpt
NHANES_CORONARY_HEART_DISEASE,NHANES_URXUSN,URXUSN,2017-2018,UM_J.xpt,WTSA2YR,1.0,C:\Users\21634\Documents\Codex\2026-08-22\non\work\whynot17\work\nhanes_phase2a\environmental_xpt\2017-2018_UM_J.xpt
NHANES_CORONARY_HEART_DISEASE,NHANES_URXUSR,URXUSR,2011-2012,UHM_G.xpt,WTSA2YR,1.0,C:\Users\21634\Documents\Codex\2026-08-22\non\work\whynot17\work\nhanes_phase2a\environmental_xpt\2011-2012_UHM_G.xpt
NHANES_CORONARY_HEART_DISEASE,NHANES_URXUSR,URXUSR,2013-2014,UM_H.xpt,WTSA2YR,1.0,C:\Users\21634\Documents\Codex\2026-08-22\non\work\whynot17\work\nhanes_phase2a\environmental_xpt\2013-2014_UM_H.xpt
NHANES_CORONARY_HEART_DISEASE,NHANES_URXUSR,URXUSR,2015-2016,UM_I.xpt,WTSA2YR,1.0,C:\Users\21634\Documents\Codex\2026-08-22\non\work\whynot17\work\nhanes_phase2a\environmental_xpt\2015-2016_UM_I.xpt
NHANES_CORONARY_HEART_DISEASE,NHANES_URXUTL,URXUTL,1999-2000,LAB06HM.xpt,WTSHM2YR,1.0,C:\Users\21634\Documents\Codex\2026-08-22\non\work\whynot17\work\nhanes_phase2a\environmental_xpt\1999-2000_LAB06HM.xpt
NHANES_CORONARY_HEART_DISEASE,NHANES_URXUTL,URXUTL,2001-2002,L06HM_B.xpt,WTSHM2YR,1.0,C:\Users\21634\Documents\Codex\2026-08-22\non\work\whynot17\work\nhanes_phase2a\environmental_xpt\2001-2002_L06HM_B.xpt
NHANES_CORONARY_HEART_DISEASE,NHANES_URXUTL,URXUTL,2003-2004,L06HM_C.xpt,WTSA2YR,1.0,C:\Users\21634\Documents\Codex\2026-08-22\non\work\whynot17\work\nhanes_phase2a\environmental_xpt\2003-2004_L06HM_C.xpt
NHANES_CORONARY_HEART_DISEASE,NHANES_URXUTL,URXUTL,2005-2006,UHM_D.xpt,WTSA2YR,1.0,C:\Users\21634\Documents\Codex\2026-08-22\non\work\whynot17\work\nhanes_phase2a\environmental_xpt\2005-2006_UHM_D.xpt
NHANES_CORONARY_HEART_DISEASE,NHANES_URXUTL,URXUTL,2007-2008,UHM_E.xpt,WTSA2YR,1.0,C:\Users\21634\Documents\Codex\2026-08-22\non\work\whynot17\work\nhanes_phase2a\environmental_xpt\2007-2008_UHM_E.xpt
NHANES_CORONARY_HEART_DISEASE,NHANES_URXUTL,URXUTL,2009-2010,UHM_F.xpt,WTSA2YR,1.0,C:\Users\21634\Documents\Codex\2026-08-22\non\work\whynot17\work\nhanes_phase2a\environmental_xpt\2009-2010_UHM_F.xpt
NHANES_CORONARY_HEART_DISEASE,NHANES_URXUTL,URXUTL,2011-2012,UHM_G.xpt,WTSA2YR,1.0,C:\Users\21634\Documents\Codex\2026-08-22\non\work\whynot17\work\nhanes_phase2a\environmental_xpt\2011-2012_UHM_G.xpt
NHANES_CORONARY_HEART_DISEASE,NHANES_URXUTL,URXUTL,2013-2014,UM_H.xpt,WTSA2YR,1.0,C:\Users\21634\Documents\Codex\2026-08-22\non\work\whynot17\work\nhanes_phase2a\environmental_xpt\2013-2014_UM_H.xpt
NHANES_CORONARY_HEART_DISEASE,NHANES_URXUTL,URXUTL,2015-2016,UM_I.xpt,WTSA2YR,1.0,C:\Users\21634\Documents\Codex\2026-08-22\non\work\whynot17\work\nhanes_phase2a\environmental_xpt\2015-2016_UM_I.xpt
NHANES_CORONARY_HEART_DISEASE,NHANES_URXUTL,URXUTL,2017-2018,UM_J.xpt,WTSA2YR,1.0,C:\Users\21634\Documents\Codex\2026-08-22\non\work\whynot17\work\nhanes_phase2a\environmental_xpt\2017-2018_UM_J.xpt
NHANES_CORONARY_HEART_DISEASE,NHANES_URXUTU,URXUTU,1999-2000,LAB06HM.xpt,WTSHM2YR,1.0,C:\Users\21634\Documents\Codex\2026-08-22\non\work\whynot17\work\nhanes_phase2a\environmental_xpt\1999-2000_LAB06HM.xpt
NHANES_CORONARY_HEART_DISEASE,NHANES_URXUTU,URXUTU,2001-2002,L06HM_B.xpt,WTSHM2YR,1.0,C:\Users\21634\Documents\Codex\2026-08-22\non\work\whynot17\work\nhanes_phase2a\environmental_xpt\2001-2002_L06HM_B.xpt
NHANES_CORONARY_HEART_DISEASE,NHANES_URXUTU,URXUTU,2003-2004,L06HM_C.xpt,WTSA2YR,1.0,C:\Users\21634\Documents\Codex\2026-08-22\non\work\whynot17\work\nhanes_phase2a\environmental_xpt\2003-2004_L06HM_C.xpt
NHANES_CORONARY_HEART_DISEASE,NHANES_URXUTU,URXUTU,2005-2006,UHM_D.xpt,WTSA2YR,1.0,C:\Users\21634\Documents\Codex\2026-08-22\non\work\whynot17\work\nhanes_phase2a\environmental_xpt\2005-2006_UHM_D.xpt
NHANES_CORONARY_HEART_DISEASE,NHANES_URXUTU,URXUTU,2007-2008,UHM_E.xpt,WTSA2YR,1.0,C:\Users\21634\Documents\Codex\2026-08-22\non\work\whynot17\work\nhanes_phase2a\environmental_xpt\2007-2008_UHM_E.xpt
NHANES_CORONARY_HEART_DISEASE,NHANES_URXUTU,URXUTU,2009-2010,UHM_F.xpt,WTSA2YR,1.0,C:\Users\21634\Documents\Codex\2026-08-22\non\work\whynot17\work\nhanes_phase2a\environmental_xpt\2009-2010_UHM_F.xpt
NHANES_CORONARY_HEART_DISEASE,NHANES_URXUTU,URXUTU,2011-2012,UHM_G.xpt,WTSA2YR,1.0,C:\Users\21634\Documents\Codex\2026-08-22\non\work\whynot17\work\nhanes_phase2a\environmental_xpt\2011-2012_UHM_G.xpt
NHANES_CORONARY_HEART_DISEASE,NHANES_URXUTU,URXUTU,2013-2014,UM_H.xpt,WTSA2YR,1.0,C:\Users\21634\Documents\Codex\2026-08-22\non\work\whynot17\work\nhanes_phase2a\environmental_xpt\2013-2014_UM_H.xpt
NHANES_CORONARY_HEART_DISEASE,NHANES_URXUTU,URXUTU,2015-2016,UM_I.xpt,WTSA2YR,1.0,C:\Users\21634\Documents\Codex\2026-08-22\non\work\whynot17\work\nhanes_phase2a\environmental_xpt\2015-2016_UM_I.xpt
NHANES_CORONARY_HEART_DISEASE,NHANES_URXUTU,URXUTU,2017-2018,UM_J.xpt,WTSA2YR,1.0,C:\Users\21634\Documents\Codex\2026-08-22\non\work\whynot17\work\nhanes_phase2a\environmental_xpt\2017-2018_UM_J.xpt
NHANES_CORONARY_HEART_DISEASE,NHANES_URXUUR,URXUUR,2001-2002,L06HM_B.xpt,WTSHM2YR,1.0,C:\Users\21634\Documents\Codex\2026-08-22\non\work\whynot17\work\nhanes_phase2a\environmental_xpt\2001-2002_L06HM_B.xpt
NHANES_CORONARY_HEART_DISEASE,NHANES_URXUUR,URXUUR,2003-2004,L06HM_C.xpt,WTSA2YR,1.0,C:\Users\21634\Documents\Codex\2026-08-22\non\work\whynot17\work\nhanes_phase2a\environmental_xpt\2003-2004_L06HM_C.xpt
NHANES_CORONARY_HEART_DISEASE,NHANES_URXUUR,URXUUR,2005-2006,UHM_D.xpt,WTSA2YR,1.0,C:\Users\21634\Documents\Codex\2026-08-22\non\work\whynot17\work\nhanes_phase2a\environmental_xpt\2005-2006_UHM_D.xpt
NHANES_CORONARY_HEART_DISEASE,NHANES_URXUUR,URXUUR,2007-2008,UHM_E.xpt,WTSA2YR,1.0,C:\Users\21634\Documents\Codex\2026-08-22\non\work\whynot17\work\nhanes_phase2a\environmental_xpt\2007-2008_UHM_E.xpt
NHANES_CORONARY_HEART_DISEASE,NHANES_URXUUR,URXUUR,2009-2010,UHM_F.xpt,WTSA2YR,1.0,C:\Users\21634\Documents\Codex\2026-08-22\non\work\whynot17\work\nhanes_phase2a\environmental_xpt\2009-2010_UHM_F.xpt
NHANES_CORONARY_HEART_DISEASE,NHANES_URXUUR,URXUUR,2011-2012,UHM_G.xpt,WTSA2YR,1.0,C:\Users\21634\Documents\Codex\2026-08-22\non\work\whynot17\work\nhanes_phase2a\environmental_xpt\2011-2012_UHM_G.xpt
NHANES_CORONARY_HEART_DISEASE,NHANES_URXUUR,URXUUR,2013-2014,UM_H.xpt,WTSA2YR,1.0,C:\Users\21634\Documents\Codex\2026-08-22\non\work\whynot17\work\nhanes_phase2a\environmental_xpt\2013-2014_UM_H.xpt
NHANES_CORONARY_HEART_DISEASE,NHANES_URXUUR,URXUUR,2015-2016,UM_I.xpt,WTSA2YR,1.0,C:\Users\21634\Documents\Codex\2026-08-22\non\work\whynot17\work\nhanes_phase2a\environmental_xpt\2015-2016_UM_I.xpt
