axis_key,exposure_axis,primary_biomarker,biological_matrix,eligible_chemical_count,eligible_chemical_ids,mapping_confidence,analysis,exposure_variable,status,fit_N,fit_crc_cases,fit_control_n,beta,SE,OR,CI_low,CI_high,P,design_df,PSU_N,strata_N,message,complete_case_n,n_parameters,cases_per_parameter_approx,condition_number_if_available,sparse_cell_warning,extreme_weight_ratio,extreme_weight_warning,singleton_stratum_N,fit_status,warning_message,warning_type,analytic_n,crc_cases,controls,cycle,direction,ci_excludes_1
serum_or_blood|LBXPFDE,PFAS exposure axis,LBXPFDE,serum_or_blood,1,C036567,high,Single_cycle_2011-2012,axis_log2,ok,1287,8,1279,0.36078942916511525,0.5273279311158477,1.4344613733452647,0.4715287257767025,4.363847458561876,0.5030798601538274,17,31,14,Newton-IRLS converged,1287,12,0.6666666666666666,372.4746892236169,,8.16742384705254,False,0,ok,,none,1287,8,1279,2011-2012,discordant,False
serum_or_blood|LBXPFDE,PFAS exposure axis,LBXPFDE,serum_or_blood,1,C036567,high,Single_cycle_2013-2014,axis_log2,converged_with_warning,1443,7,1436,0.092915414407243,0.15106557736063198,1.0973689097425827,0.7952702843387217,1.514225475016898,0.5477289639711639,15,30,15,Newton-IRLS stopped before tolerance,1443,12,0.5833333333333334,392.16049727845177,,5.607299813289692,False,0,converged_with_warning,Newton-IRLS stopped before tolerance,convergence_warning,1443,7,1436,2013-2014,discordant,False
serum_or_blood|LBXPFDE,PFAS exposure axis,LBXPFDE,serum_or_blood,1,C036567,high,Single_cycle_2015-2016,axis_log2,ok,1336,10,1326,-0.7227703171434038,0.5516580940056423,0.4854056639453861,0.1497779056776079,1.5731202644629219,0.20984505969425316,15,30,15,Newton-IRLS converged,1336,12,0.8333333333333334,393.98203122341477,,10.800283931295853,False,0,ok,,none,1336,10,1326,2015-2016,protective,False
serum_or_blood|LBXPFDE,PFAS exposure axis,LBXPFDE,serum_or_blood,1,C036567,high,Single_cycle_2017-2018,axis_log2,converged_with_warning,1256,7,1249,-1.6520479378936546,0.9239340355503028,0.1916570047940559,0.026746097126600876,1.373374489472552,0.09398090485601295,15,30,15,Newton-IRLS stopped before tolerance,1256,12,0.5833333333333334,385.71350609655843,,16.615122585581414,False,0,converged_with_warning,Newton-IRLS stopped before tolerance,convergence_warning,1256,7,1249,2017-2018,protective,False
serum_or_blood|LBXPFHS,PFAS exposure axis,LBXPFHS,serum_or_blood,1,C471071,high,Single_cycle_2011-2012,axis_log2,converged_with_warning,1287,8,1279,-0.6844648909187497,0.23464599997417668,0.5043600450183493,0.3074248299888309,0.8274512342420526,0.009609628160950278,17,31,14,Newton-IRLS stopped before tolerance,1287,12,0.6666666666666666,342.8857021855618,,8.16742384705254,False,0,converged_with_warning,Newton-IRLS stopped before tolerance,convergence_warning,1287,8,1279,2011-2012,protective,True
serum_or_blood|LBXPFHS,PFAS exposure axis,LBXPFHS,serum_or_blood,1,C471071,high,Single_cycle_2013-2014,axis_log2,converged_with_warning,1443,7,1436,-0.24133189424208684,0.1814575693505118,0.7855808533542831,0.5336049285701705,1.1565434352536876,0.2034003554693476,15,30,15,Newton-IRLS stopped before tolerance,1443,12,0.5833333333333334,362.6398520787459,,5.607299813289692,False,0,converged_with_warning,Newton-IRLS stopped before tolerance,convergence_warning,1443,7,1436,2013-2014,protective,False
serum_or_blood|LBXPFHS,PFAS exposure axis,LBXPFHS,serum_or_blood,1,C471071,high,Single_cycle_2015-2016,axis_log2,converged_with_warning,1336,10,1326,-0.036945055276389256,0.15686087269396187,0.963729085722619,0.689846554367984,1.346348321647658,0.8169846866642404,15,30,15,Newton-IRLS stopped before tolerance,1336,12,0.8333333333333334,366.2053250337129,,10.800283931295853,False,0,converged_with_warning,Newton-IRLS stopped before tolerance,convergence_warning,1336,10,1326,2015-2016,protective,False
serum_or_blood|LBXPFHS,PFAS exposure axis,LBXPFHS,serum_or_blood,1,C471071,high,Single_cycle_2017-2018,axis_log2,converged_with_warning,1256,7,1249,-1.6502299070611521,0.6887540555157055,0.1920057600658953,0.044233430674191436,0.8334468146960217,0.030061082544453013,15,30,15,Newton-IRLS stopped before tolerance,1256,12,0.5833333333333334,357.4274580601626,,16.615122585581414,False,0,converged_with_warning,Newton-IRLS stopped before tolerance,convergence_warning,1256,7,1249,2017-2018,protective,True
serum_or_blood|LBXPFNA,PFAS exposure axis,LBXPFNA,serum_or_blood,1,C101816,high,Single_cycle_2011-2012,axis_log2,converged_with_warning,1287,8,1279,-0.16899214756110512,0.45011982812006346,0.844515534866631,0.32671665805879496,2.1829511016323058,0.7119779851162998,17,31,14,Newton-IRLS stopped before tolerance,1287,12,0.6666666666666666,347.09663311138513,,8.16742384705254,False,0,converged_with_warning,Newton-IRLS stopped before tolerance,convergence_warning,1287,8,1279,2011-2012,protective,False
serum_or_blood|LBXPFNA,PFAS exposure axis,LBXPFNA,serum_or_blood,1,C101816,high,Single_cycle_2013-2014,axis_log2,converged_with_warning,1443,7,1436,0.2473086266162327,0.23306170454383143,1.28057427110107,0.7792287444645429,2.104478916435372,0.3054184464265201,15,30,15,Newton-IRLS stopped before tolerance,1443,12,0.5833333333333334,371.39811347971926,,5.607299813289692,False,0,converged_with_warning,Newton-IRLS stopped before tolerance,convergence_warning,1443,7,1436,2013-2014,discordant,False
serum_or_blood|LBXPFNA,PFAS exposure axis,LBXPFNA,serum_or_blood,1,C101816,high,Single_cycle_2015-2016,axis_log2,converged_with_warning,1336,10,1326,-0.13817849027747062,0.2614543403465717,0.8709432229738492,0.4988473084266367,1.5205897372414738,0.6048848396311697,15,30,15,Newton-IRLS stopped before tolerance,1336,12,0.8333333333333334,379.9690431311081,,10.800283931295853,False,0,converged_with_warning,Newton-IRLS stopped before tolerance,convergence_warning,1336,10,1326,2015-2016,protective,False
serum_or_blood|LBXPFNA,PFAS exposure axis,LBXPFNA,serum_or_blood,1,C101816,high,Single_cycle_2017-2018,axis_log2,converged_with_warning,1256,7,1249,-1.1018237575718008,0.494012228690602,0.3322645607822443,0.11592800838430524,0.9523129042796878,0.0414198844449565,15,30,15,Newton-IRLS stopped before tolerance,1256,12,0.5833333333333334,379.8184570326324,,16.615122585581414,False,0,converged_with_warning,Newton-IRLS stopped before tolerance,convergence_warning,1256,7,1249,2017-2018,protective,True
urine|URXBPH,bisphenol exposure axis,URXBPH,urine,17,C008745;C517113;C047969;C000705701;C000730470;C000730511;C512161;C534679;D017438;C019273;C047971;C543008;C006780;C000611646;C000655605;C583074;C492482,high,Single_cycle_2005-2006,axis_log2,converged_with_warning,1286,6,1280,-0.017958067953414564,0.1547261579066777,0.9822022172439412,0.7062760820198903,1.3659264700000777,0.9091417747277317,15,30,15,Newton-IRLS stopped before tolerance,1286,13,0.46153846153846156,565.0730216820203,,4.862216527751117,False,0,converged_with_warning,Newton-IRLS stopped before tolerance,convergence_warning,1286,6,1280,2005-2006,discordant,False
urine|URXBPH,bisphenol exposure axis,URXBPH,urine,17,C008745;C517113;C047969;C000705701;C000730470;C000730511;C512161;C534679;D017438;C019273;C047971;C543008;C006780;C000611646;C000655605;C583074;C492482,high,Single_cycle_2007-2008,axis_log2,converged_with_warning,1476,13,1463,0.05122335879550955,0.15100514563540476,1.0525579651088375,0.764224832564873,1.4496758319090761,0.7388584766661509,16,32,16,Newton-IRLS stopped before tolerance,1476,13,1.0,575.7673796112489,,6.51532815740832,False,0,converged_with_warning,Newton-IRLS stopped before tolerance,convergence_warning,1476,13,1463,2007-2008,positive,False
urine|URXBPH,bisphenol exposure axis,URXBPH,urine,17,C008745;C517113;C047969;C000705701;C000730470;C000730511;C512161;C534679;D017438;C019273;C047971;C543008;C006780;C000611646;C000655605;C583074;C492482,high,Single_cycle_2009-2010,axis_log2,converged_with_warning,1574,16,1558,0.0589836911576577,0.12095032237936976,1.060757940865068,0.8208461847348012,1.3707895949736684,0.6323992597645297,16,31,15,Newton-IRLS stopped before tolerance,1574,13,1.2307692307692308,532.1251945760163,,5.338723521508336,False,0,converged_with_warning,Newton-IRLS stopped before tolerance,convergence_warning,1574,16,1558,2009-2010,positive,False
urine|URXBPH,bisphenol exposure axis,URXBPH,urine,17,C008745;C517113;C047969;C000705701;C000730470;C000730511;C512161;C534679;D017438;C019273;C047971;C543008;C006780;C000611646;C000655605;C583074;C492482,high,Single_cycle_2011-2012,axis_log2,converged_with_warning,1415,10,1405,0.015042984834033572,0.1478227687732255,1.0151567000201505,0.7431660335636733,1.3866929852190375,0.9201349473907584,17,31,14,Newton-IRLS stopped before tolerance,1415,13,0.7692307692307693,530.3667212721485,,8.242178111997193,False,0,converged_with_warning,Newton-IRLS stopped before tolerance,convergence_warning,1415,10,1405,2011-2012,positive,False
urine|URXCOP,DINP-related exposure axis,URXCOP,urine,3,C573544;C019174;C012125,high,Single_cycle_2005-2006,axis_log2,converged_with_warning,1286,6,1280,0.3948244010421857,0.20637639066373054,1.4841235574881415,0.9559435048212516,2.304134839331449,0.07501550213695816,15,30,15,Newton-IRLS stopped before tolerance,1286,13,0.46153846153846156,547.3789018136439,,4.862216527751116,False,0,converged_with_warning,Newton-IRLS stopped before tolerance,convergence_warning,1286,6,1280,2005-2006,positive,False
urine|URXCOP,DINP-related exposure axis,URXCOP,urine,3,C573544;C019174;C012125,high,Single_cycle_2007-2008,axis_log2,converged_with_warning,1476,13,1463,0.12167508824716947,0.2081320865034429,1.129387091021125,0.7264793466994662,1.7557487451777767,0.5669661255617626,16,32,16,Newton-IRLS stopped before tolerance,1476,13,1.0,554.5418904263623,,6.515328157408321,False,0,converged_with_warning,Newton-IRLS stopped before tolerance,convergence_warning,1476,13,1463,2007-2008,positive,False
urine|URXCOP,DINP-related exposure axis,URXCOP,urine,3,C573544;C019174;C012125,high,Single_cycle_2009-2010,axis_log2,ok,1574,16,1558,0.303924133611062,0.24134912283249182,1.3551662406205154,0.8124400510333974,2.26044437048814,0.22599399306146942,16,31,15,Newton-IRLS converged,1574,13,1.2307692307692308,503.68433178671046,,5.338723521508337,False,0,ok,,none,1574,16,1558,2009-2010,positive,False
urine|URXCOP,DINP-related exposure axis,URXCOP,urine,3,C573544;C019174;C012125,high,Single_cycle_2011-2012,axis_log2,ok,1415,10,1405,-0.17419556998002084,0.1500315852502386,0.8401325768795742,0.6121765573290637,1.152972517951079,0.2616622096154926,17,31,14,Newton-IRLS converged,1415,13,0.7692307692307693,480.58924554658853,,8.242178111997193,False,0,ok,,none,1415,10,1405,2011-2012,discordant,False
urine|URXCOP,DINP-related exposure axis,URXCOP,urine,3,C573544;C019174;C012125,high,Single_cycle_2013-2014,axis_log2,ok,1484,7,1477,0.39354866461295346,0.2542943018229769,1.482231414195059,0.862028617903123,2.5486508447606897,0.14255210585579367,15,30,15,Newton-IRLS converged,1484,13,0.5384615384615384,523.9115118950222,,5.624651791581331,False,0,ok,,none,1484,7,1477,2013-2014,positive,False
urine|URXCOP,DINP-related exposure axis,URXCOP,urine,3,C573544;C019174;C012125,high,Single_cycle_2015-2016,axis_log2,ok,1377,9,1368,0.2795522635377793,0.1833302335386967,1.3225375314789647,0.8947536236647053,1.9548459776072649,0.14809990244442275,15,30,15,Newton-IRLS converged,1377,13,0.6923076923076923,527.9806292964311,,10.816987385771746,False,0,ok,,none,1377,9,1368,2015-2016,positive,False
urine|URXCOP,DINP-related exposure axis,URXCOP,urine,3,C573544;C019174;C012125,high,Single_cycle_2017-2018,axis_log2,converged_with_warning,1324,9,1315,0.4565607164720874,0.3029523853138646,1.5786352634446845,0.8276482716573059,3.01104875142292,0.15257011378005966,15,30,15,Newton-IRLS stopped before tolerance,1324,13,0.6923076923076923,531.0643984797886,,17.16661352365352,False,0,converged_with_warning,Newton-IRLS stopped before tolerance,convergence_warning,1324,9,1315,2017-2018,positive,False
urine|URXECP,DEHP-related exposure axis;phthalate exposure axis,URXECP,urine,2,C051450;D004051,moderate,Single_cycle_2003-2004,axis_log2,converged_with_warning,1288,15,1273,-0.29941051109547473,0.14746361659583906,0.741255053544493,0.5413324007539844,1.0150123170901013,0.0604357457089234,15,30,15,Newton-IRLS stopped before tolerance,1288,13,1.1538461538461537,559.6919775750973,,4.371394149871062,False,0,converged_with_warning,Newton-IRLS stopped before tolerance,convergence_warning,1288,15,1273,2003-2004,discordant,False
urine|URXECP,DEHP-related exposure axis;phthalate exposure axis,URXECP,urine,2,C051450;D004051,moderate,Single_cycle_2005-2006,axis_log2,ok,1286,6,1280,0.544742748467785,0.14850177256668892,1.7241647812885745,1.2563600774355037,2.366156205077669,0.0022828133560519586,15,30,15,Newton-IRLS converged,1286,13,0.46153846153846156,530.6030892963123,,4.862216527751116,False,0,ok,,none,1286,6,1280,2005-2006,positive,True
urine|URXECP,DEHP-related exposure axis;phthalate exposure axis,URXECP,urine,2,C051450;D004051,moderate,Single_cycle_2007-2008,axis_log2,ok,1476,13,1463,0.2844275898587306,0.1277970741934816,1.3290010766600462,1.0136015660398026,1.7425425541363109,0.04076601703078222,16,32,16,Newton-IRLS converged,1476,13,1.0,537.7389291676052,,6.51532815740832,False,0,ok,,none,1476,13,1463,2007-2008,positive,True
urine|URXECP,DEHP-related exposure axis;phthalate exposure axis,URXECP,urine,2,C051450;D004051,moderate,Single_cycle_2009-2010,axis_log2,ok,1574,16,1558,0.638010434138189,0.2478592008081519,1.8927114566905832,1.1191532816668766,3.20095264605059,0.020384903028753648,16,31,15,Newton-IRLS converged,1574,13,1.2307692307692308,504.286603156059,,5.338723521508337,False,0,ok,,none,1574,16,1558,2009-2010,positive,True
urine|URXECP,DEHP-related exposure axis;phthalate exposure axis,URXECP,urine,2,C051450;D004051,moderate,Single_cycle_2011-2012,axis_log2,ok,1415,10,1405,-0.1552933671952285,0.4076382729718685,0.8561639702148317,0.3622810650479232,2.0233371672269387,0.7079527116265619,17,31,14,Newton-IRLS converged,1415,13,0.7692307692307693,497.81242669827407,,8.242178111997193,False,0,ok,,none,1415,10,1405,2011-2012,discordant,False
urine|URXECP,DEHP-related exposure axis;phthalate exposure axis,URXECP,urine,2,C051450;D004051,moderate,Single_cycle_2013-2014,axis_log2,ok,1484,7,1477,0.732066549728805,0.39709599259233813,2.0793732989434424,0.8919693364005579,4.847468561875812,0.08509478415967353,15,30,15,Newton-IRLS converged,1484,13,0.5384615384615384,547.4358666751162,,5.624651791581331,False,0,ok,,none,1484,7,1477,2013-2014,positive,False
urine|URXECP,DEHP-related exposure axis;phthalate exposure axis,URXECP,urine,2,C051450;D004051,moderate,Single_cycle_2015-2016,axis_log2,ok,1377,9,1368,0.22682856889179623,0.2587451624494868,1.2546147695032197,0.7227631599943395,2.1778340499091633,0.39450082545947274,15,30,15,Newton-IRLS converged,1377,13,0.6923076923076923,536.2312880917756,,10.816987385771746,False,0,ok,,none,1377,9,1368,2015-2016,positive,False
urine|URXECP,DEHP-related exposure axis;phthalate exposure axis,URXECP,urine,2,C051450;D004051,moderate,Single_cycle_2017-2018,axis_log2,converged_with_warning,1324,9,1315,0.26016919858879134,0.46797424778658187,1.2971495439716063,0.4784065910369913,3.517085614933856,0.5864444022595434,15,30,15,Newton-IRLS stopped before tolerance,1324,13,0.6923076923076923,534.7127722135216,,17.16661352365352,False,0,converged_with_warning,Newton-IRLS stopped before tolerance,convergence_warning,1324,9,1315,2017-2018,positive,False
urine|URXMBP,phthalate exposure axis,URXMBP,urine,1,C028577,high,Single_cycle_1999-2000,axis_log2,ok,1176,7,1169,-0.2788001950792392,0.2584845414103494,0.7566910787127629,0.43465859351906466,1.3173129374200918,0.29900168002617095,14,27,13,Newton-IRLS converged,1176,13,0.5384615384615384,548.9152621587464,,6.614405613017027,False,0,ok,,none,1176,7,1169,1999-2000,protective,False
urine|URXMBP,phthalate exposure axis,URXMBP,urine,1,C028577,high,Single_cycle_2001-2002,axis_log2,ok,1379,12,1367,0.31393299277115133,0.14714163993762297,1.3687980141125975,1.0003080586335695,1.8730310000680768,0.04980251621029361,15,30,15,Newton-IRLS converged,1379,13,0.9230769230769231,545.7937895444421,,5.867514065637692,False,0,ok,,none,1379,12,1367,2001-2002,discordant,True
urine|URXMBP,phthalate exposure axis,URXMBP,urine,1,C028577,high,Single_cycle_2003-2004,axis_log2,converged_with_warning,1288,15,1273,0.32820066683701477,0.235040936714274,1.3884675637307573,0.841325015177984,2.2914357005355246,0.1829294097503511,15,30,15,Newton-IRLS stopped before tolerance,1288,13,1.1538461538461537,563.7584496032028,,4.371394149871062,False,0,converged_with_warning,Newton-IRLS stopped before tolerance,convergence_warning,1288,15,1273,2003-2004,discordant,False
urine|URXMBP,phthalate exposure axis,URXMBP,urine,1,C028577,high,Single_cycle_2005-2006,axis_log2,converged_with_warning,1286,6,1280,-0.42351590176682935,0.3542363638331336,0.6547407640486889,0.3077237424862736,1.393085449447187,0.25042212475149533,15,30,15,Newton-IRLS stopped before tolerance,1286,13,0.46153846153846156,554.3393711734558,,4.862216527751117,False,0,converged_with_warning,Newton-IRLS stopped before tolerance,convergence_warning,1286,6,1280,2005-2006,protective,False
urine|URXMBP,phthalate exposure axis,URXMBP,urine,1,C028577,high,Single_cycle_2007-2008,axis_log2,converged_with_warning,1476,13,1463,-0.11138862546453705,0.32093278958619936,0.8945910205144311,0.45305771891055086,1.7664263527161235,0.7330560546545419,16,32,16,Newton-IRLS stopped before tolerance,1476,13,1.0,553.2977926627627,,6.51532815740832,False,0,converged_with_warning,Newton-IRLS stopped before tolerance,convergence_warning,1476,13,1463,2007-2008,protective,False
urine|URXMBP,phthalate exposure axis,URXMBP,urine,1,C028577,high,Single_cycle_2009-2010,axis_log2,ok,1574,16,1558,0.12643645307408832,0.11204350691393997,1.1347773372734093,0.894862529368147,1.4390138852931678,0.2757633380883749,16,31,15,Newton-IRLS converged,1574,13,1.2307692307692308,525.4820848933048,,5.338723521508336,False,0,ok,,none,1574,16,1558,2009-2010,discordant,False
urine|URXMBP,phthalate exposure axis,URXMBP,urine,1,C028577,high,Single_cycle_2011-2012,axis_log2,ok,1415,10,1405,-0.398339376781423,0.2504091940075318,0.6714341198403567,0.395875070858531,1.1388031489532713,0.13008803575742026,17,31,14,Newton-IRLS converged,1415,13,0.7692307692307693,545.5456219319085,,8.242178111997193,False,0,ok,,none,1415,10,1405,2011-2012,protective,False
urine|URXMBP,phthalate exposure axis,URXMBP,urine,1,C028577,high,Single_cycle_2013-2014,axis_log2,ok,1484,7,1477,0.495797532771358,0.4433777636816879,1.6418071120292148,0.6381130607445232,4.22422100241089,0.28105905950670335,15,30,15,Newton-IRLS converged,1484,13,0.5384615384615384,596.0964006265983,,5.624651791581331,False,0,ok,,none,1484,7,1477,2013-2014,discordant,False
urine|URXMBP,phthalate exposure axis,URXMBP,urine,1,C028577,high,Single_cycle_2015-2016,axis_log2,ok,1377,9,1368,-0.1506462051111068,0.28043308509323644,0.8601519622004868,0.47313468870447506,1.5637437197919617,0.5990144749044954,15,30,15,Newton-IRLS converged,1377,13,0.6923076923076923,550.1318992082488,,10.816987385771744,False,0,ok,,none,1377,9,1368,2015-2016,protective,False
urine|URXMBP,phthalate exposure axis,URXMBP,urine,1,C028577,high,Single_cycle_2017-2018,axis_log2,converged_with_warning,1324,9,1315,-0.3084535611063231,0.28269484328029887,0.7345820645854875,0.4021205513458383,1.3419130352942155,0.29243784855213545,15,30,15,Newton-IRLS stopped before tolerance,1324,13,0.6923076923076923,550.2876080900057,,17.16661352365352,False,0,converged_with_warning,Newton-IRLS stopped before tolerance,convergence_warning,1324,9,1315,2017-2018,protective,False
urine|URXMEP,phthalate exposure axis,URXMEP,urine,1,C581825,high,Single_cycle_1999-2000,axis_log2,ok,1172,7,1165,-0.41396178064436734,0.21075894981654114,0.6610262147791169,0.42063291119482626,1.0388052028169064,0.06968454737970431,14,27,13,Newton-IRLS converged,1172,13,0.5384615384615384,537.8258431701695,,6.625115109003681,False,0,ok,,none,1172,7,1165,1999-2000,protective,False
urine|URXMEP,phthalate exposure axis,URXMEP,urine,1,C581825,high,Single_cycle_2001-2002,axis_log2,ok,1379,12,1367,0.16739235289200685,0.1308368072725972,1.1822180209839876,0.8945095493051862,1.562464537382433,0.2201937408558516,15,30,15,Newton-IRLS converged,1379,13,0.9230769230769231,527.4586214508129,,5.867514065637692,False,0,ok,,none,1379,12,1367,2001-2002,discordant,False
urine|URXMEP,phthalate exposure axis,URXMEP,urine,1,C581825,high,Single_cycle_2003-2004,axis_log2,ok,1288,15,1273,0.09866394337011006,0.10016704002282094,1.103695333095438,0.8915114051326472,1.3663800387560983,0.34024939261942955,15,30,15,Newton-IRLS converged,1288,13,1.1538461538461537,550.7731908502416,,4.371394149871062,False,0,ok,,none,1288,15,1273,2003-2004,discordant,False
urine|URXMEP,phthalate exposure axis,URXMEP,urine,1,C581825,high,Single_cycle_2005-2006,axis_log2,ok,1286,6,1280,-0.4063832812389315,0.12494217799895975,0.6660548321741345,0.5103333038547235,0.869292746743415,0.005355022341443848,15,30,15,Newton-IRLS converged,1286,13,0.46153846153846156,529.4284656357848,,4.862216527751117,False,0,ok,,none,1286,6,1280,2005-2006,protective,True
urine|URXMEP,phthalate exposure axis,URXMEP,urine,1,C581825,high,Single_cycle_2007-2008,axis_log2,ok,1476,13,1463,-0.02355349106469038,0.1579192752917389,0.9767217273863708,0.6988442362209577,1.3650900777365627,0.8832998689680246,16,32,16,Newton-IRLS converged,1476,13,1.0,534.573207073918,,6.51532815740832,False,0,ok,,none,1476,13,1463,2007-2008,protective,False
urine|URXMEP,phthalate exposure axis,URXMEP,urine,1,C581825,high,Single_cycle_2009-2010,axis_log2,ok,1574,16,1558,0.07378027095476468,0.15881884478463104,1.0765702257576173,0.7688182835158827,1.5075128620609393,0.6485081907556862,16,31,15,Newton-IRLS converged,1574,13,1.2307692307692308,494.0615196674529,,5.338723521508336,False,0,ok,,none,1574,16,1558,2009-2010,discordant,False
urine|URXMEP,phthalate exposure axis,URXMEP,urine,1,C581825,high,Single_cycle_2011-2012,axis_log2,ok,1415,10,1405,0.057807448939244506,0.14520784613302642,1.0595109661074535,0.7799274886759441,1.4393177617161397,0.6955104642910913,17,31,14,Newton-IRLS converged,1415,13,0.7692307692307693,478.27324066296165,,8.242178111997193,False,0,ok,,none,1415,10,1405,2011-2012,discordant,False
urine|URXMEP,phthalate exposure axis,URXMEP,urine,1,C581825,high,Single_cycle_2013-2014,axis_log2,ok,1484,7,1477,-0.2496346942977969,0.16582138449597625,0.7790853354094726,0.5471268463012203,1.109384348352596,0.1529756104520933,15,30,15,Newton-IRLS converged,1484,13,0.5384615384615384,521.1694077810774,,5.624651791581331,False,0,ok,,none,1484,7,1477,2013-2014,protective,False
urine|URXMEP,phthalate exposure axis,URXMEP,urine,1,C581825,high,Single_cycle_2015-2016,axis_log2,ok,1377,9,1368,-0.5412456247262353,0.21479322850850455,0.582022818644555,0.3682229970774567,0.9199603612799215,0.023563653405415927,15,30,15,Newton-IRLS converged,1377,13,0.6923076923076923,511.14829537141156,,10.816987385771744,False,0,ok,,none,1377,9,1368,2015-2016,protective,True
urine|URXMEP,phthalate exposure axis,URXMEP,urine,1,C581825,high,Single_cycle_2017-2018,axis_log2,converged_with_warning,1324,9,1315,0.08680981361323523,0.11042219464164936,1.0906892257485141,0.8619573194223943,1.3801182034872186,0.4440149753369034,15,30,15,Newton-IRLS stopped before tolerance,1324,13,0.6923076923076923,510.3691224878973,,17.16661352365352,False,0,converged_with_warning,Newton-IRLS stopped before tolerance,convergence_warning,1324,9,1315,2017-2018,discordant,False
urine|URXMHP,DEHP-related exposure axis,URXMHP,urine,1,C016599,high,Single_cycle_1999-2000,axis_log2,converged_with_warning,1176,7,1169,-0.01810434554937435,0.5181953177330076,0.9820585535725008,0.3231874560664389,2.984147387349864,0.9726229876234072,14,27,13,Newton-IRLS stopped before tolerance,1176,13,0.5384615384615384,538.5573862987691,,6.614405613017027,False,0,converged_with_warning,Newton-IRLS stopped before tolerance,convergence_warning,1176,7,1169,1999-2000,discordant,False
urine|URXMHP,DEHP-related exposure axis,URXMHP,urine,1,C016599,high,Single_cycle_2001-2002,axis_log2,converged_with_warning,1379,12,1367,-0.10477013148580698,0.23782553488326302,0.9005315026347508,0.5424370377580308,1.4950251011424338,0.6658331158171318,15,30,15,Newton-IRLS stopped before tolerance,1379,13,0.9230769230769231,529.903212160742,,5.867514065637692,False,0,converged_with_warning,Newton-IRLS stopped before tolerance,convergence_warning,1379,12,1367,2001-2002,discordant,False
urine|URXMHP,DEHP-related exposure axis,URXMHP,urine,1,C016599,high,Single_cycle_2003-2004,axis_log2,converged_with_warning,1288,15,1273,-0.1972443999519971,0.1566761200071331,0.8209899588847049,0.5879039794102293,1.146487413243357,0.22729574381271625,15,30,15,Newton-IRLS stopped before tolerance,1288,13,1.1538461538461537,556.1667825731496,,4.371394149871062,False,0,converged_with_warning,Newton-IRLS stopped before tolerance,convergence_warning,1288,15,1273,2003-2004,discordant,False
urine|URXMHP,DEHP-related exposure axis,URXMHP,urine,1,C016599,high,Single_cycle_2005-2006,axis_log2,converged_with_warning,1286,6,1280,0.45032638080482024,0.1827751163844737,1.5688241360243476,1.0626336924060216,2.3161407240907788,0.02631623393937373,15,30,15,Newton-IRLS stopped before tolerance,1286,13,0.46153846153846156,529.607845130537,,4.862216527751117,False,0,converged_with_warning,Newton-IRLS stopped before tolerance,convergence_warning,1286,6,1280,2005-2006,positive,True
urine|URXMHP,DEHP-related exposure axis,URXMHP,urine,1,C016599,high,Single_cycle_2007-2008,axis_log2,converged_with_warning,1476,13,1463,0.2710948927875617,0.10114912364902764,1.3113995068352444,1.0583047437714705,1.6250221655427897,0.016425883545989728,16,32,16,Newton-IRLS stopped before tolerance,1476,13,1.0,536.9658429562261,,6.51532815740832,False,0,converged_with_warning,Newton-IRLS stopped before tolerance,convergence_warning,1476,13,1463,2007-2008,positive,True
urine|URXMHP,DEHP-related exposure axis,URXMHP,urine,1,C016599,high,Single_cycle_2009-2010,axis_log2,converged_with_warning,1574,16,1558,0.265763310516097,0.27821020805456775,1.30442627816325,0.7232386821588532,2.3526505939696163,0.35365707942537594,16,31,15,Newton-IRLS stopped before tolerance,1574,13,1.2307692307692308,512.698687114323,,5.338723521508336,False,0,converged_with_warning,Newton-IRLS stopped before tolerance,convergence_warning,1574,16,1558,2009-2010,positive,False
urine|URXMHP,DEHP-related exposure axis,URXMHP,urine,1,C016599,high,Single_cycle_2011-2012,axis_log2,converged_with_warning,1415,10,1405,0.1412479476060488,0.1701696585357839,1.151710176366334,0.8043034554610395,1.6491739794720117,0.41801945759511006,17,31,14,Newton-IRLS stopped before tolerance,1415,13,0.7692307692307693,504.8861014055931,,8.242178111997193,False,0,converged_with_warning,Newton-IRLS stopped before tolerance,convergence_warning,1415,10,1405,2011-2012,positive,False
urine|URXMHP,DEHP-related exposure axis,URXMHP,urine,1,C016599,high,Single_cycle_2013-2014,axis_log2,converged_with_warning,1484,7,1477,0.6525454813914408,0.19995299485031331,1.9204230136676228,1.2540217184319995,2.940957478819152,0.0052364762603497,15,30,15,Newton-IRLS stopped before tolerance,1484,13,0.5384615384615384,540.8688371702794,,5.624651791581331,False,0,converged_with_warning,Newton-IRLS stopped before tolerance,convergence_warning,1484,7,1477,2013-2014,positive,True
urine|URXMHP,DEHP-related exposure axis,URXMHP,urine,1,C016599,high,Single_cycle_2015-2016,axis_log2,converged_with_warning,1377,9,1368,0.003908146610100064,0.2738681942600069,1.0039157933733753,0.5599946260778479,1.799743914050324,0.9888025100697538,15,30,15,Newton-IRLS stopped before tolerance,1377,13,0.6923076923076923,523.4655282007926,,10.816987385771744,False,0,converged_with_warning,Newton-IRLS stopped before tolerance,convergence_warning,1377,9,1368,2015-2016,positive,False
urine|URXMHP,DEHP-related exposure axis,URXMHP,urine,1,C016599,high,Single_cycle_2017-2018,axis_log2,converged_with_warning,1324,9,1315,-0.1351734473140243,0.350536381544026,0.873564381151594,0.413820051252783,1.8440738328327566,0.7051926959449332,15,30,15,Newton-IRLS stopped before tolerance,1324,13,0.6923076923076923,519.0853668037611,,17.16661352365352,False,0,converged_with_warning,Newton-IRLS stopped before tolerance,convergence_warning,1324,9,1315,2017-2018,discordant,False
urine|URXMIB,phthalate exposure axis,URXMIB,urine,1,C575690,high,Single_cycle_2001-2002,axis_log2,converged_with_warning,1379,12,1367,-0.10571515414149628,0.43692537279858557,0.8996808819538116,0.35451680071093544,2.2831800572779475,0.8120937147635001,15,30,15,Newton-IRLS stopped before tolerance,1379,13,0.9230769230769231,561.9486791441714,,5.867514065637692,False,0,converged_with_warning,Newton-IRLS stopped before tolerance,convergence_warning,1379,12,1367,2001-2002,protective,False
urine|URXMIB,phthalate exposure axis,URXMIB,urine,1,C575690,high,Single_cycle_2003-2004,axis_log2,converged_with_warning,1288,15,1273,0.04866887365874963,0.21293885981689262,1.04987265268695,0.6668437206924527,1.6529098987621433,0.8222991935107788,15,30,15,Newton-IRLS stopped before tolerance,1288,13,1.1538461538461537,592.7245433439358,,4.371394149871062,False,0,converged_with_warning,Newton-IRLS stopped before tolerance,convergence_warning,1288,15,1273,2003-2004,discordant,False
urine|URXMIB,phthalate exposure axis,URXMIB,urine,1,C575690,high,Single_cycle_2005-2006,axis_log2,converged_with_warning,1286,6,1280,-0.06045807423368787,0.4001053334750477,0.9413332343082971,0.40121316657675166,2.208572230003842,0.8819059797524427,15,30,15,Newton-IRLS stopped before tolerance,1286,13,0.46153846153846156,590.3729824506702,,4.862216527751116,False,0,converged_with_warning,Newton-IRLS stopped before tolerance,convergence_warning,1286,6,1280,2005-2006,protective,False
urine|URXMIB,phthalate exposure axis,URXMIB,urine,1,C575690,high,Single_cycle_2007-2008,axis_log2,converged_with_warning,1476,13,1463,0.4172028724805142,0.13681281393561648,1.5177103833749863,1.1356130794623174,2.0283711498769175,0.00764765449058014,16,32,16,Newton-IRLS stopped before tolerance,1476,13,1.0,581.3227847720674,,6.51532815740832,False,0,converged_with_warning,Newton-IRLS stopped before tolerance,convergence_warning,1476,13,1463,2007-2008,discordant,True
urine|URXMIB,phthalate exposure axis,URXMIB,urine,1,C575690,high,Single_cycle_2009-2010,axis_log2,ok,1574,16,1558,-0.10771483355087837,0.192957464323319,0.897883606205707,0.5964461102998254,1.3516643941020952,0.5844144450353876,16,31,15,Newton-IRLS converged,1574,13,1.2307692307692308,547.0496573864215,,5.338723521508337,False,0,ok,,none,1574,16,1558,2009-2010,protective,False
urine|URXMIB,phthalate exposure axis,URXMIB,urine,1,C575690,high,Single_cycle_2011-2012,axis_log2,ok,1415,10,1405,-0.22168473960834523,0.2068639915847871,0.801167901031419,0.5178189518879287,1.239564529847508,0.2988582094777944,17,31,14,Newton-IRLS converged,1415,13,0.7692307692307693,532.2553442284214,,8.242178111997193,False,0,ok,,none,1415,10,1405,2011-2012,protective,False
urine|URXMIB,phthalate exposure axis,URXMIB,urine,1,C575690,high,Single_cycle_2013-2014,axis_log2,converged_with_warning,1484,7,1477,0.2120873886215779,0.45159133513669075,1.2362559150584738,0.47215084507324456,3.2369500202418897,0.6453635504233277,15,30,15,Newton-IRLS stopped before tolerance,1484,13,0.5384615384615384,571.604234892512,,5.624651791581331,False,0,converged_with_warning,Newton-IRLS stopped before tolerance,convergence_warning,1484,7,1477,2013-2014,discordant,False
urine|URXMIB,phthalate exposure axis,URXMIB,urine,1,C575690,high,Single_cycle_2015-2016,axis_log2,ok,1377,9,1368,-0.15733567250309713,0.12939475838070308,0.8544172063137969,0.6484735441872427,1.1257649120598237,0.24279951116035625,15,30,15,Newton-IRLS converged,1377,13,0.6923076923076923,546.0150177275965,,10.816987385771746,False,0,ok,,none,1377,9,1368,2015-2016,protective,False
urine|URXMIB,phthalate exposure axis,URXMIB,urine,1,C575690,high,Single_cycle_2017-2018,axis_log2,converged_with_warning,1324,9,1315,-0.20890272941458096,0.367302348872819,0.8114741643716482,0.3709124774654511,1.775325338048247,0.5779435373098329,15,30,15,Newton-IRLS stopped before tolerance,1324,13,0.6923076923076923,540.5349883442825,,17.16661352365352,False,0,converged_with_warning,Newton-IRLS stopped before tolerance,convergence_warning,1324,9,1315,2017-2018,protective,False
urine|URXMOH,phthalate exposure axis,URXMOH,urine,1,C080276,high,Single_cycle_2001-2002,axis_log2,ok,1379,12,1367,0.38222551288589685,0.1759326392723967,1.4655425465989882,1.0072601972193274,2.1323337920243146,0.046250406859980775,15,30,15,Newton-IRLS converged,1379,13,0.9230769230769231,549.6741454407645,,5.867514065637692,False,0,ok,,none,1379,12,1367,2001-2002,positive,True
urine|URXMOH,phthalate exposure axis,URXMOH,urine,1,C080276,high,Single_cycle_2003-2004,axis_log2,converged_with_warning,1288,15,1273,-0.23494977852910542,0.1923529035557452,0.7906105542566544,0.5246938720064825,1.191294737466062,0.24076563494451186,15,30,15,Newton-IRLS stopped before tolerance,1288,13,1.1538461538461537,574.6670134146204,,4.371394149871062,False,0,converged_with_warning,Newton-IRLS stopped before tolerance,convergence_warning,1288,15,1273,2003-2004,discordant,False
urine|URXMOH,phthalate exposure axis,URXMOH,urine,1,C080276,high,Single_cycle_2005-2006,axis_log2,ok,1286,6,1280,0.4858777563667473,0.1283540018328953,1.6256012646599434,1.2365159132514734,2.137117236700357,0.0017958688458070758,15,30,15,Newton-IRLS converged,1286,13,0.46153846153846156,537.712678922228,,4.862216527751116,False,0,ok,,none,1286,6,1280,2005-2006,positive,True
urine|URXMOH,phthalate exposure axis,URXMOH,urine,1,C080276,high,Single_cycle_2007-2008,axis_log2,converged_with_warning,1476,13,1463,0.23694311789165817,0.10580596184606704,1.2673690251027165,1.0127247783671083,1.5860422101843359,0.039685156818140055,16,32,16,Newton-IRLS stopped before tolerance,1476,13,1.0,550.0544473714369,,6.51532815740832,False,0,converged_with_warning,Newton-IRLS stopped before tolerance,convergence_warning,1476,13,1463,2007-2008,positive,True
urine|URXMOH,phthalate exposure axis,URXMOH,urine,1,C080276,high,Single_cycle_2009-2010,axis_log2,ok,1574,16,1558,0.5475030971732409,0.2147198252639818,1.7289306520170058,1.0967128654239988,2.7256005593846093,0.02140979882393506,16,31,15,Newton-IRLS converged,1574,13,1.2307692307692308,523.2039589185184,,5.338723521508337,False,0,ok,,none,1574,16,1558,2009-2010,positive,True
urine|URXMOH,phthalate exposure axis,URXMOH,urine,1,C080276,high,Single_cycle_2011-2012,axis_log2,ok,1415,10,1405,-0.25974640334609334,0.4249999765751171,0.7712471467014621,0.3146111099349326,1.8906584748967286,0.5491741235632326,17,31,14,Newton-IRLS converged,1415,13,0.7692307692307693,523.6692686335946,,8.242178111997193,False,0,ok,,none,1415,10,1405,2011-2012,discordant,False
urine|URXMOH,phthalate exposure axis,URXMOH,urine,1,C080276,high,Single_cycle_2013-2014,axis_log2,ok,1484,7,1477,0.7175469964486402,0.3469642082321922,2.0493998546261434,0.978250303627716,4.29342035322284,0.05633187841671503,15,30,15,Newton-IRLS converged,1484,13,0.5384615384615384,593.5403061237485,,5.624651791581331,False,0,ok,,none,1484,7,1477,2013-2014,positive,False
urine|URXMOH,phthalate exposure axis,URXMOH,urine,1,C080276,high,Single_cycle_2015-2016,axis_log2,ok,1377,9,1368,0.3122831805821236,0.20776725988580877,1.3665416162927146,0.8776018595815441,2.1278851778531225,0.15358764758804008,15,30,15,Newton-IRLS converged,1377,13,0.6923076923076923,561.4163673716048,,10.816987385771746,False,0,ok,,none,1377,9,1368,2015-2016,positive,False
urine|URXMOH,phthalate exposure axis,URXMOH,urine,1,C080276,high,Single_cycle_2017-2018,axis_log2,converged_with_warning,1324,9,1315,0.11349366370783175,0.4290038663726426,1.120184791051775,0.4489218623569012,2.795172325793544,0.7949554455467693,15,30,15,Newton-IRLS stopped before tolerance,1324,13,0.6923076923076923,557.6835601647081,,17.16661352365352,False,0,converged_with_warning,Newton-IRLS stopped before tolerance,convergence_warning,1324,9,1315,2017-2018,positive,False
urine|URXMZP,phthalate exposure axis,URXMZP,urine,2,C027561;C103325,moderate,Single_cycle_1999-2000,axis_log2,converged_with_warning,1176,7,1169,-0.3970462078221199,0.36530905248482975,0.6723029592593559,0.30710787751337637,1.4717670959423705,0.29545016129478296,14,27,13,Newton-IRLS stopped before tolerance,1176,13,0.5384615384615384,561.045846724354,,6.614405613017027,False,0,converged_with_warning,Newton-IRLS stopped before tolerance,convergence_warning,1176,7,1169,1999-2000,protective,False
urine|URXMZP,phthalate exposure axis,URXMZP,urine,2,C027561;C103325,moderate,Single_cycle_2001-2002,axis_log2,ok,1379,12,1367,-0.2056733465126668,0.1377613370741372,0.8140989611191359,0.606952535735175,1.091942251616904,0.15617921722004732,15,30,15,Newton-IRLS converged,1379,13,0.9230769230769231,552.6330069927777,,5.867514065637692,False,0,ok,,none,1379,12,1367,2001-2002,protective,False
urine|URXMZP,phthalate exposure axis,URXMZP,urine,2,C027561;C103325,moderate,Single_cycle_2003-2004,axis_log2,converged_with_warning,1288,15,1273,0.1695218479063157,0.26383006381673707,1.184738230800242,0.6751511942430571,2.0789486673327047,0.5302207603665156,15,30,15,Newton-IRLS stopped before tolerance,1288,13,1.1538461538461537,577.7601178079053,,4.371394149871062,False,0,converged_with_warning,Newton-IRLS stopped before tolerance,convergence_warning,1288,15,1273,2003-2004,discordant,False
urine|URXMZP,phthalate exposure axis,URXMZP,urine,2,C027561;C103325,moderate,Single_cycle_2005-2006,axis_log2,converged_with_warning,1286,6,1280,-0.5214212797918272,0.198576087416734,0.5936761681216858,0.3888054491948663,0.9064980784747236,0.019091786845870158,15,30,15,Newton-IRLS stopped before tolerance,1286,13,0.46153846153846156,569.0029073639579,,4.862216527751117,False,0,converged_with_warning,Newton-IRLS stopped before tolerance,convergence_warning,1286,6,1280,2005-2006,protective,True
urine|URXMZP,phthalate exposure axis,URXMZP,urine,2,C027561;C103325,moderate,Single_cycle_2007-2008,axis_log2,converged_with_warning,1476,13,1463,-0.42989354370915567,0.12559551676748532,0.650578349194923,0.49850376085635806,0.8490451259868221,0.0034879141468735645,16,32,16,Newton-IRLS stopped before tolerance,1476,13,1.0,570.1642887579661,,6.51532815740832,False,0,converged_with_warning,Newton-IRLS stopped before tolerance,convergence_warning,1476,13,1463,2007-2008,protective,True
urine|URXMZP,phthalate exposure axis,URXMZP,urine,2,C027561;C103325,moderate,Single_cycle_2009-2010,axis_log2,ok,1574,16,1558,0.6105471629298774,0.24783679377753493,1.8414386901691557,1.0888876063077073,3.114092244240006,0.025474337821032936,16,31,15,Newton-IRLS converged,1574,13,1.2307692307692308,523.9881432876996,,5.338723521508336,False,0,ok,,none,1574,16,1558,2009-2010,discordant,True
urine|URXMZP,phthalate exposure axis,URXMZP,urine,2,C027561;C103325,moderate,Single_cycle_2011-2012,axis_log2,ok,1415,10,1405,-0.05474545356767509,0.2559537404284332,0.9467261030369714,0.5516946024007664,1.624613165093973,0.8331786677772611,17,31,14,Newton-IRLS converged,1415,13,0.7692307692307693,522.7201101189347,,8.242178111997193,False,0,ok,,none,1415,10,1405,2011-2012,protective,False
urine|URXMZP,phthalate exposure axis,URXMZP,urine,2,C027561;C103325,moderate,Single_cycle_2013-2014,axis_log2,converged_with_warning,1484,7,1477,-0.17184662456722868,0.2150188137221854,0.8421083219924442,0.5325127823028338,1.3316984108855565,0.43663810480549836,15,30,15,Newton-IRLS stopped before tolerance,1484,13,0.5384615384615384,558.4669257547683,,5.624651791581331,False,0,converged_with_warning,Newton-IRLS stopped before tolerance,convergence_warning,1484,7,1477,2013-2014,protective,False
urine|URXMZP,phthalate exposure axis,URXMZP,urine,2,C027561;C103325,moderate,Single_cycle_2015-2016,axis_log2,converged_with_warning,1377,9,1368,-0.356189495954121,0.29421505584147645,0.7003398960834873,0.374076841908128,1.3111636837617686,0.244763235197386,15,30,15,Newton-IRLS stopped before tolerance,1377,13,0.6923076923076923,530.297957782951,,10.816987385771744,False,0,converged_with_warning,Newton-IRLS stopped before tolerance,convergence_warning,1377,9,1368,2015-2016,protective,False
urine|URXMZP,phthalate exposure axis,URXMZP,urine,2,C027561;C103325,moderate,Single_cycle_2017-2018,axis_log2,converged_with_warning,1324,9,1315,0.1396938908050405,0.3069522444306668,1.149921743357138,0.597763952573503,2.212110667016045,0.6555551326931657,15,30,15,Newton-IRLS stopped before tolerance,1324,13,0.6923076923076923,541.611865695972,,17.16661352365352,False,0,converged_with_warning,Newton-IRLS stopped before tolerance,convergence_warning,1324,9,1315,2017-2018,discordant,False
urine|URXP02,PAH exposure axis,URXP02,urine,11,C031721;C018520;C025968;C027384;C028519;C031969;C042552;C042553;C065012;C117619;C466921,moderate,Single_cycle_2001-2002,axis_log2,ok,1362,12,1350,0.012273403411301224,0.3092594821111103,1.0123490307116956,0.5236678973896643,1.957062033192217,0.9688665282401345,15,30,15,Newton-IRLS converged,1362,13,0.9230769230769231,579.5582010509812,,5.83476007126878,False,0,ok,,none,1362,12,1350,2001-2002,positive,False
urine|URXP02,PAH exposure axis,URXP02,urine,11,C031721;C018520;C025968;C027384;C028519;C031969;C042552;C042553;C065012;C117619;C466921,moderate,Single_cycle_2003-2004,axis_log2,ok,1273,15,1258,-0.5180543479509911,0.1444458286871034,0.5956784041198642,0.437826159344338,0.810442120832077,0.002699394625022299,15,30,15,Newton-IRLS converged,1273,13,1.1538461538461537,613.4776463735952,,4.376552101789236,False,0,ok,,none,1273,15,1258,2003-2004,discordant,True
urine|URXP02,PAH exposure axis,URXP02,urine,11,C031721;C018520;C025968;C027384;C028519;C031969;C042552;C042553;C065012;C117619;C466921,moderate,Single_cycle_2005-2006,axis_log2,ok,1238,6,1232,-0.07524195920554187,0.6149664655220106,0.9275190374064907,0.25007061208106374,3.4401945818111095,0.9042449694708493,15,30,15,Newton-IRLS converged,1238,13,0.46153846153846156,569.6176926908929,,4.935919708456014,False,0,ok,,none,1238,6,1232,2005-2006,discordant,False
urine|URXP02,PAH exposure axis,URXP02,urine,11,C031721;C018520;C025968;C027384;C028519;C031969;C042552;C042553;C065012;C117619;C466921,moderate,Single_cycle_2007-2008,axis_log2,ok,1443,12,1431,-0.2723373540858672,0.19088140330269088,0.7615972897896197,0.5081452980734085,1.1414657067851108,0.17287882481842137,16,32,16,Newton-IRLS converged,1443,13,0.9230769230769231,621.8342455301541,,6.540301700224331,False,0,ok,,none,1443,12,1431,2007-2008,discordant,False
urine|URXP02,PAH exposure axis,URXP02,urine,11,C031721;C018520;C025968;C027384;C028519;C031969;C042552;C042553;C065012;C117619;C466921,moderate,Single_cycle_2009-2010,axis_log2,ok,1571,16,1555,0.15351118989355844,0.10000017434396659,1.1659208335791431,0.9431973780375555,1.441237456577999,0.14429348390265032,16,31,15,Newton-IRLS converged,1571,13,1.2307692307692308,586.8326842888047,,5.346154813235137,False,0,ok,,none,1571,16,1555,2009-2010,positive,False
urine|URXP02,PAH exposure axis,URXP02,urine,11,C031721;C018520;C025968;C027384;C028519;C031969;C042552;C042553;C065012;C117619;C466921,moderate,Single_cycle_2011-2012,axis_log2,ok,1414,10,1404,0.2659408287218694,0.4998800621706443,1.304657858129934,0.45442885444419795,3.7456515142772515,0.6016038056275664,17,31,14,Newton-IRLS converged,1414,13,0.7692307692307693,567.1802984995085,,8.230470808008699,False,0,ok,,none,1414,10,1404,2011-2012,positive,False
urine|URXP04,PAH exposure axis,URXP04,urine,5,C041509;C041511;C041512;C041513;C053036,moderate,Single_cycle_2001-2002,axis_log2,ok,1361,12,1349,-0.49526653565752893,0.3438165738704622,0.6094084565641407,0.29285015540290177,1.268152534940428,0.17027364796590644,15,30,15,Newton-IRLS converged,1361,13,0.9230769230769231,538.7429693049654,,5.822951359273551,False,0,ok,,none,1361,12,1349,2001-2002,protective,False
urine|URXP04,PAH exposure axis,URXP04,urine,5,C041509;C041511;C041512;C041513;C053036,moderate,Single_cycle_2003-2004,axis_log2,ok,1241,13,1228,0.4017037818575883,0.27107702820981766,1.494368608014597,0.8385481908074351,2.6630998207380356,0.1590735949253699,15,30,15,Newton-IRLS converged,1241,13,1.0,558.1586028442767,,4.378615345772729,False,0,ok,,none,1241,13,1228,2003-2004,discordant,False
urine|URXP04,PAH exposure axis,URXP04,urine,5,C041509;C041511;C041512;C041513;C053036,moderate,Single_cycle_2005-2006,axis_log2,ok,1232,6,1226,-0.3115283180235871,0.3589004467607469,0.7323268721620969,0.3407839731847555,1.5737320117456481,0.39906473639589135,15,30,15,Newton-IRLS converged,1232,13,0.46153846153846156,535.5844576156154,,5.017421372277816,False,0,ok,,none,1232,6,1226,2005-2006,protective,False
urine|URXP04,PAH exposure axis,URXP04,urine,5,C041509;C041511;C041512;C041513;C053036,moderate,Single_cycle_2007-2008,axis_log2,ok,1471,13,1458,0.2972746511865466,0.28037435544545547,1.3461849799812382,0.7429753354666755,2.439130767630132,0.3047623174687445,16,32,16,Newton-IRLS converged,1471,13,1.0,549.9006475634146,,6.526437685312227,False,0,ok,,none,1471,13,1458,2007-2008,discordant,False
urine|URXP04,PAH exposure axis,URXP04,urine,5,C041509;C041511;C041512;C041513;C053036,moderate,Single_cycle_2009-2010,axis_log2,ok,1571,16,1555,-0.06092970348604956,0.22175158574279458,0.9408893786946501,0.5880036843434838,1.5055565917564393,0.787012627911083,16,31,15,Newton-IRLS converged,1571,13,1.2307692307692308,504.9654861532307,,5.346154813235137,False,0,ok,,none,1571,16,1555,2009-2010,protective,False
urine|URXP04,PAH exposure axis,URXP04,urine,5,C041509;C041511;C041512;C041513;C053036,moderate,Single_cycle_2011-2012,axis_log2,ok,1414,10,1404,-0.20050456445595446,0.15490504389288332,0.818317754841859,0.5901812185573563,1.1346412370192056,0.21284455129198074,17,31,14,Newton-IRLS converged,1414,13,0.7692307692307693,491.7119387614614,,8.230470808008699,False,0,ok,,none,1414,10,1404,2011-2012,protective,False
urine|URXP10,PAH exposure axis,URXP10,urine,39,C056699;C006710;C008422;C009590;C021146;C023389;C027704;C031195;C042881;C047249;C051446;C053035;C065011;C093581;C093582;C095210;C100422;C110144;C402363;C434863;C447880;C501268;C522458;C529617;C529618;C535034;C535035;D010569;C006718;C022921;C007738;C041508;C032121;C006703;C031180;C041517;D008748;D001564;C026487,moderate,Single_cycle_2001-2002,axis_log2,ok,1360,12,1348,-0.37051606513237273,0.24964302509261652,0.6903779586970553,0.40550682377434577,1.1753728862524417,0.1584687845722861,15,30,15,Newton-IRLS converged,1360,13,0.9230769230769231,527.9434911028179,,5.822015917763226,False,0,ok,,none,1360,12,1348,2001-2002,discordant,False
urine|URXP10,PAH exposure axis,URXP10,urine,39,C056699;C006710;C008422;C009590;C021146;C023389;C027704;C031195;C042881;C047249;C051446;C053035;C065011;C093581;C093582;C095210;C100422;C110144;C402363;C434863;C447880;C501268;C522458;C529617;C529618;C535034;C535035;D010569;C006718;C022921;C007738;C041508;C032121;C006703;C031180;C041517;D008748;D001564;C026487,moderate,Single_cycle_2003-2004,axis_log2,converged_with_warning,1241,13,1228,0.3154754405551064,0.23426820032688844,1.3709109426982413,0.83205610331061,2.2587380890927666,0.19809167201538153,15,30,15,Newton-IRLS stopped before tolerance,1241,13,1.0,551.3331808904516,,4.376552101789236,False,0,converged_with_warning,Newton-IRLS stopped before tolerance,convergence_warning,1241,13,1228,2003-2004,positive,False
urine|URXP10,PAH exposure axis,URXP10,urine,39,C056699;C006710;C008422;C009590;C021146;C023389;C027704;C031195;C042881;C047249;C051446;C053035;C065011;C093581;C093582;C095210;C100422;C110144;C402363;C434863;C447880;C501268;C522458;C529617;C529618;C535034;C535035;D010569;C006718;C022921;C007738;C041508;C032121;C006703;C031180;C041517;D008748;D001564;C026487,moderate,Single_cycle_2005-2006,axis_log2,ok,1221,6,1215,-0.1122035906711585,0.25608665626538857,0.8938622569573623,0.51786567874443,1.5428512975605326,0.6675238093840328,15,30,15,Newton-IRLS converged,1221,13,0.46153846153846156,528.0870624896131,,5.0346975963805525,False,0,ok,,none,1221,6,1215,2005-2006,discordant,False
urine|URXP10,PAH exposure axis,URXP10,urine,39,C056699;C006710;C008422;C009590;C021146;C023389;C027704;C031195;C042881;C047249;C051446;C053035;C065011;C093581;C093582;C095210;C100422;C110144;C402363;C434863;C447880;C501268;C522458;C529617;C529618;C535034;C535035;D010569;C006718;C022921;C007738;C041508;C032121;C006703;C031180;C041517;D008748;D001564;C026487,moderate,Single_cycle_2007-2008,axis_log2,ok,1461,13,1448,-0.038583581161714,0.26091150626610143,0.9621512836569879,0.5533905622343732,1.6728422127494111,0.8842850757885519,16,32,16,Newton-IRLS converged,1461,13,1.0,539.0505019532011,,6.504256387276932,False,0,ok,,none,1461,13,1448,2007-2008,discordant,False
urine|URXP10,PAH exposure axis,URXP10,urine,39,C056699;C006710;C008422;C009590;C021146;C023389;C027704;C031195;C042881;C047249;C051446;C053035;C065011;C093581;C093582;C095210;C100422;C110144;C402363;C434863;C447880;C501268;C522458;C529617;C529618;C535034;C535035;D010569;C006718;C022921;C007738;C041508;C032121;C006703;C031180;C041517;D008748;D001564;C026487,moderate,Single_cycle_2009-2010,axis_log2,ok,1571,16,1555,-0.012513820088755704,0.21878400169153178,0.9875641521753361,0.6210677003837448,1.5703327576996573,0.9550963724964734,16,31,15,Newton-IRLS converged,1571,13,1.2307692307692308,508.29692778068,,5.346154813235137,False,0,ok,,none,1571,16,1555,2009-2010,discordant,False
urine|URXP10,PAH exposure axis,URXP10,urine,39,C056699;C006710;C008422;C009590;C021146;C023389;C027704;C031195;C042881;C047249;C051446;C053035;C065011;C093581;C093582;C095210;C100422;C110144;C402363;C434863;C447880;C501268;C522458;C529617;C529618;C535034;C535035;D010569;C006718;C022921;C007738;C041508;C032121;C006703;C031180;C041517;D008748;D001564;C026487,moderate,Single_cycle_2011-2012,axis_log2,ok,1411,10,1401,0.45406514104792367,0.31930566076665484,1.5747005717794953,0.802831105836876,3.08867191708751,0.17310320091746687,17,31,14,Newton-IRLS converged,1411,13,0.7692307692307693,486.21844812649135,,8.044248529096231,False,0,ok,,none,1411,10,1401,2011-2012,positive,False
