drug,role,drug_line,signature_id,cell_line,pert_time,pert_dose,persistent_id,data_level,tissue,disease
leflunomide,primary,DHODH/pyrimidine,L1000_LINCS_DCIC_REP.A024_HT29_24H_M19_leflunomide_10uM,HT29,24 h,10uM,L1000_LINCS_DCIC_REP.A024_HT29_24H_M19_leflunomide_10uM.tsv,5,intestine,colon adenocarcinoma
leflunomide,primary,DHODH/pyrimidine,L1000_LINCS_DCIC_REP.A024_HT29_24H_M20_leflunomide_3.33uM,HT29,24 h,3.33uM,L1000_LINCS_DCIC_REP.A024_HT29_24H_M20_leflunomide_3.33uM.tsv,5,intestine,colon adenocarcinoma
leflunomide,primary,DHODH/pyrimidine,L1000_LINCS_DCIC_REP.A024_HT29_24H_M21_leflunomide_1.11uM,HT29,24 h,1.11uM,L1000_LINCS_DCIC_REP.A024_HT29_24H_M21_leflunomide_1.11uM.tsv,5,intestine,colon adenocarcinoma
leflunomide,primary,DHODH/pyrimidine,L1000_LINCS_DCIC_REP.A024_HT29_24H_M22_leflunomide_0.37uM,HT29,24 h,0.37uM,L1000_LINCS_DCIC_REP.A024_HT29_24H_M22_leflunomide_0.37uM.tsv,5,intestine,colon adenocarcinoma
leflunomide,primary,DHODH/pyrimidine,L1000_LINCS_DCIC_REP.A024_HT29_24H_M23_leflunomide_0.125uM,HT29,24 h,0.125uM,L1000_LINCS_DCIC_REP.A024_HT29_24H_M23_leflunomide_0.125uM.tsv,5,intestine,colon adenocarcinoma
leflunomide,primary,DHODH/pyrimidine,L1000_LINCS_DCIC_REP.A024_HT29_24H_M24_leflunomide_0.04uM,HT29,24 h,0.04uM,L1000_LINCS_DCIC_REP.A024_HT29_24H_M24_leflunomide_0.04uM.tsv,5,intestine,colon adenocarcinoma
leflunomide,primary,DHODH/pyrimidine,L1000_LINCS_DCIC_REP.B024_HT29_24H_M19_leflunomide_2.22uM,HT29,24 h,2.22uM,L1000_LINCS_DCIC_REP.B024_HT29_24H_M19_leflunomide_2.22uM.tsv,5,intestine,colon adenocarcinoma
leflunomide,primary,DHODH/pyrimidine,L1000_LINCS_DCIC_REP.B024_HT29_24H_M20_leflunomide_0.74uM,HT29,24 h,0.74uM,L1000_LINCS_DCIC_REP.B024_HT29_24H_M20_leflunomide_0.74uM.tsv,5,intestine,colon adenocarcinoma
leflunomide,primary,DHODH/pyrimidine,L1000_LINCS_DCIC_REP.B024_HT29_24H_M21_leflunomide_0.25uM,HT29,24 h,0.25uM,L1000_LINCS_DCIC_REP.B024_HT29_24H_M21_leflunomide_0.25uM.tsv,5,intestine,colon adenocarcinoma
leflunomide,primary,DHODH/pyrimidine,L1000_LINCS_DCIC_REP.B024_HT29_24H_M22_leflunomide_0.08uM,HT29,24 h,0.08uM,L1000_LINCS_DCIC_REP.B024_HT29_24H_M22_leflunomide_0.08uM.tsv,5,intestine,colon adenocarcinoma
leflunomide,primary,DHODH/pyrimidine,L1000_LINCS_DCIC_REP.B024_HT29_24H_M23_leflunomide_0.03uM,HT29,24 h,0.03uM,L1000_LINCS_DCIC_REP.B024_HT29_24H_M23_leflunomide_0.03uM.tsv,5,intestine,colon adenocarcinoma
leflunomide,primary,DHODH/pyrimidine,L1000_LINCS_DCIC_REP.B024_HT29_24H_M24_leflunomide_0.01uM,HT29,24 h,0.01uM,L1000_LINCS_DCIC_REP.B024_HT29_24H_M24_leflunomide_0.01uM.tsv,5,intestine,colon adenocarcinoma
teriflunomide,primary,DHODH/pyrimidine,L1000_LINCS_DCIC_REP.A007_HT29_24H_B07_teriflunomide_10uM,HT29,24 h,10uM,L1000_LINCS_DCIC_REP.A007_HT29_24H_B07_teriflunomide_10uM.tsv,5,intestine,colon adenocarcinoma
teriflunomide,primary,DHODH/pyrimidine,L1000_LINCS_DCIC_REP.A007_HT29_24H_B08_teriflunomide_3.33uM,HT29,24 h,3.33uM,L1000_LINCS_DCIC_REP.A007_HT29_24H_B08_teriflunomide_3.33uM.tsv,5,intestine,colon adenocarcinoma
teriflunomide,primary,DHODH/pyrimidine,L1000_LINCS_DCIC_REP.A007_HT29_24H_B09_teriflunomide_1.11uM,HT29,24 h,1.11uM,L1000_LINCS_DCIC_REP.A007_HT29_24H_B09_teriflunomide_1.11uM.tsv,5,intestine,colon adenocarcinoma
teriflunomide,primary,DHODH/pyrimidine,L1000_LINCS_DCIC_REP.A007_HT29_24H_B10_teriflunomide_0.37uM,HT29,24 h,0.37uM,L1000_LINCS_DCIC_REP.A007_HT29_24H_B10_teriflunomide_0.37uM.tsv,5,intestine,colon adenocarcinoma
teriflunomide,primary,DHODH/pyrimidine,L1000_LINCS_DCIC_REP.A007_HT29_24H_B11_teriflunomide_0.125uM,HT29,24 h,0.125uM,L1000_LINCS_DCIC_REP.A007_HT29_24H_B11_teriflunomide_0.125uM.tsv,5,intestine,colon adenocarcinoma
teriflunomide,primary,DHODH/pyrimidine,L1000_LINCS_DCIC_REP.A007_HT29_24H_B12_teriflunomide_0.04uM,HT29,24 h,0.04uM,L1000_LINCS_DCIC_REP.A007_HT29_24H_B12_teriflunomide_0.04uM.tsv,5,intestine,colon adenocarcinoma
teriflunomide,primary,DHODH/pyrimidine,L1000_LINCS_DCIC_REP.B007_HT29_24H_B07_teriflunomide_2.22uM,HT29,24 h,2.22uM,L1000_LINCS_DCIC_REP.B007_HT29_24H_B07_teriflunomide_2.22uM.tsv,5,intestine,colon adenocarcinoma
teriflunomide,primary,DHODH/pyrimidine,L1000_LINCS_DCIC_REP.B007_HT29_24H_B08_teriflunomide_0.74uM,HT29,24 h,0.74uM,L1000_LINCS_DCIC_REP.B007_HT29_24H_B08_teriflunomide_0.74uM.tsv,5,intestine,colon adenocarcinoma
teriflunomide,primary,DHODH/pyrimidine,L1000_LINCS_DCIC_REP.B007_HT29_24H_B09_teriflunomide_0.25uM,HT29,24 h,0.25uM,L1000_LINCS_DCIC_REP.B007_HT29_24H_B09_teriflunomide_0.25uM.tsv,5,intestine,colon adenocarcinoma
teriflunomide,primary,DHODH/pyrimidine,L1000_LINCS_DCIC_REP.B007_HT29_24H_B10_teriflunomide_0.08uM,HT29,24 h,0.08uM,L1000_LINCS_DCIC_REP.B007_HT29_24H_B10_teriflunomide_0.08uM.tsv,5,intestine,colon adenocarcinoma
teriflunomide,primary,DHODH/pyrimidine,L1000_LINCS_DCIC_REP.B007_HT29_24H_B11_teriflunomide_0.03uM,HT29,24 h,0.03uM,L1000_LINCS_DCIC_REP.B007_HT29_24H_B11_teriflunomide_0.03uM.tsv,5,intestine,colon adenocarcinoma
teriflunomide,primary,DHODH/pyrimidine,L1000_LINCS_DCIC_REP.B007_HT29_24H_B12_teriflunomide_0.01uM,HT29,24 h,0.01uM,L1000_LINCS_DCIC_REP.B007_HT29_24H_B12_teriflunomide_0.01uM.tsv,5,intestine,colon adenocarcinoma
bortezomib,mechanistic_positive_control,proteasome/proteostasis,L1000_LINCS_DCIC_CPC006_HT29_24H_M24_bortezomib_0.04uM,HT29,24 h,0.04uM,L1000_LINCS_DCIC_CPC006_HT29_24H_M24_bortezomib_0.04uM.tsv,5,intestine,colon adenocarcinoma
bortezomib,mechanistic_positive_control,proteasome/proteostasis,L1000_LINCS_DCIC_PBIOA013_HT29_24H_C21_bortezomib_10uM,HT29,24 h,10uM,L1000_LINCS_DCIC_PBIOA013_HT29_24H_C21_bortezomib_10uM.tsv,5,intestine,colon adenocarcinoma
bortezomib,mechanistic_positive_control,proteasome/proteostasis,L1000_LINCS_DCIC_PBIOA013_HT29_24H_C24_bortezomib_10uM,HT29,24 h,10uM,L1000_LINCS_DCIC_PBIOA013_HT29_24H_C24_bortezomib_10uM.tsv,5,intestine,colon adenocarcinoma
bortezomib,mechanistic_positive_control,proteasome/proteostasis,L1000_LINCS_DCIC_PBIOA013_HT29_24H_G15_bortezomib_10uM,HT29,24 h,10uM,L1000_LINCS_DCIC_PBIOA013_HT29_24H_G15_bortezomib_10uM.tsv,5,intestine,colon adenocarcinoma
bortezomib,mechanistic_positive_control,proteasome/proteostasis,L1000_LINCS_DCIC_PBIOA013_HT29_24H_G18_bortezomib_10uM,HT29,24 h,10uM,L1000_LINCS_DCIC_PBIOA013_HT29_24H_G18_bortezomib_10uM.tsv,5,intestine,colon adenocarcinoma
bortezomib,mechanistic_positive_control,proteasome/proteostasis,L1000_LINCS_DCIC_PBIOA013_HT29_24H_K09_bortezomib_10uM,HT29,24 h,10uM,L1000_LINCS_DCIC_PBIOA013_HT29_24H_K09_bortezomib_10uM.tsv,5,intestine,colon adenocarcinoma
bortezomib,mechanistic_positive_control,proteasome/proteostasis,L1000_LINCS_DCIC_PBIOA013_HT29_24H_K12_bortezomib_10uM,HT29,24 h,10uM,L1000_LINCS_DCIC_PBIOA013_HT29_24H_K12_bortezomib_10uM.tsv,5,intestine,colon adenocarcinoma
bortezomib,mechanistic_positive_control,proteasome/proteostasis,L1000_LINCS_DCIC_PBIOA013_HT29_24H_O03_bortezomib_10uM,HT29,24 h,10uM,L1000_LINCS_DCIC_PBIOA013_HT29_24H_O03_bortezomib_10uM.tsv,5,intestine,colon adenocarcinoma
bortezomib,mechanistic_positive_control,proteasome/proteostasis,L1000_LINCS_DCIC_PBIOA013_HT29_24H_O06_bortezomib_10uM,HT29,24 h,10uM,L1000_LINCS_DCIC_PBIOA013_HT29_24H_O06_bortezomib_10uM.tsv,5,intestine,colon adenocarcinoma
bortezomib,mechanistic_positive_control,proteasome/proteostasis,L1000_LINCS_DCIC_PBIOA017_HT29_24H_C21_bortezomib_10uM,HT29,24 h,10uM,L1000_LINCS_DCIC_PBIOA017_HT29_24H_C21_bortezomib_10uM.tsv,5,intestine,colon adenocarcinoma
bortezomib,mechanistic_positive_control,proteasome/proteostasis,L1000_LINCS_DCIC_PBIOA017_HT29_24H_G15_bortezomib_10uM,HT29,24 h,10uM,L1000_LINCS_DCIC_PBIOA017_HT29_24H_G15_bortezomib_10uM.tsv,5,intestine,colon adenocarcinoma
bortezomib,mechanistic_positive_control,proteasome/proteostasis,L1000_LINCS_DCIC_PBIOA017_HT29_24H_K09_bortezomib_10uM,HT29,24 h,10uM,L1000_LINCS_DCIC_PBIOA017_HT29_24H_K09_bortezomib_10uM.tsv,5,intestine,colon adenocarcinoma
bortezomib,mechanistic_positive_control,proteasome/proteostasis,L1000_LINCS_DCIC_PBIOA017_HT29_24H_K12_bortezomib_10uM,HT29,24 h,10uM,L1000_LINCS_DCIC_PBIOA017_HT29_24H_K12_bortezomib_10uM.tsv,5,intestine,colon adenocarcinoma
bortezomib,mechanistic_positive_control,proteasome/proteostasis,L1000_LINCS_DCIC_PBIOA017_HT29_24H_O03_bortezomib_10uM,HT29,24 h,10uM,L1000_LINCS_DCIC_PBIOA017_HT29_24H_O03_bortezomib_10uM.tsv,5,intestine,colon adenocarcinoma
bortezomib,mechanistic_positive_control,proteasome/proteostasis,L1000_LINCS_DCIC_PBIOA018_HT29_24H_C21_bortezomib_10uM,HT29,24 h,10uM,L1000_LINCS_DCIC_PBIOA018_HT29_24H_C21_bortezomib_10uM.tsv,5,intestine,colon adenocarcinoma
bortezomib,mechanistic_positive_control,proteasome/proteostasis,L1000_LINCS_DCIC_PBIOA018_HT29_24H_C24_bortezomib_10uM,HT29,24 h,10uM,L1000_LINCS_DCIC_PBIOA018_HT29_24H_C24_bortezomib_10uM.tsv,5,intestine,colon adenocarcinoma
bortezomib,mechanistic_positive_control,proteasome/proteostasis,L1000_LINCS_DCIC_PBIOA018_HT29_24H_G15_bortezomib_10uM,HT29,24 h,10uM,L1000_LINCS_DCIC_PBIOA018_HT29_24H_G15_bortezomib_10uM.tsv,5,intestine,colon adenocarcinoma
bortezomib,mechanistic_positive_control,proteasome/proteostasis,L1000_LINCS_DCIC_PBIOA018_HT29_24H_G18_bortezomib_10uM,HT29,24 h,10uM,L1000_LINCS_DCIC_PBIOA018_HT29_24H_G18_bortezomib_10uM.tsv,5,intestine,colon adenocarcinoma
bortezomib,mechanistic_positive_control,proteasome/proteostasis,L1000_LINCS_DCIC_PBIOA018_HT29_24H_K09_bortezomib_10uM,HT29,24 h,10uM,L1000_LINCS_DCIC_PBIOA018_HT29_24H_K09_bortezomib_10uM.tsv,5,intestine,colon adenocarcinoma
bortezomib,mechanistic_positive_control,proteasome/proteostasis,L1000_LINCS_DCIC_PBIOA018_HT29_24H_K12_bortezomib_10uM,HT29,24 h,10uM,L1000_LINCS_DCIC_PBIOA018_HT29_24H_K12_bortezomib_10uM.tsv,5,intestine,colon adenocarcinoma
bortezomib,mechanistic_positive_control,proteasome/proteostasis,L1000_LINCS_DCIC_PBIOA018_HT29_24H_O03_bortezomib_10uM,HT29,24 h,10uM,L1000_LINCS_DCIC_PBIOA018_HT29_24H_O03_bortezomib_10uM.tsv,5,intestine,colon adenocarcinoma
bortezomib,mechanistic_positive_control,proteasome/proteostasis,L1000_LINCS_DCIC_PBIOA018_HT29_24H_O06_bortezomib_10uM,HT29,24 h,10uM,L1000_LINCS_DCIC_PBIOA018_HT29_24H_O06_bortezomib_10uM.tsv,5,intestine,colon adenocarcinoma
bortezomib,mechanistic_positive_control,proteasome/proteostasis,L1000_LINCS_DCIC_PBIOA019_HT29_24H_C21_bortezomib_10uM,HT29,24 h,10uM,L1000_LINCS_DCIC_PBIOA019_HT29_24H_C21_bortezomib_10uM.tsv,5,intestine,colon adenocarcinoma
bortezomib,mechanistic_positive_control,proteasome/proteostasis,L1000_LINCS_DCIC_PBIOA021_HT29_24H_O03_bortezomib_10uM,HT29,24 h,10uM,L1000_LINCS_DCIC_PBIOA021_HT29_24H_O03_bortezomib_10uM.tsv,5,intestine,colon adenocarcinoma
